YEAR,MO,DY,HR,T2M,RH2M
2014,6,29,0,13.57,89.0
2014,6,29,1,13.8,88.88
2014,6,29,2,14.05,87.88
2014,6,29,3,14.22,86.69
2014,6,29,4,14.27,85.69
2014,6,29,5,14.3,84.56
2014,6,29,6,14.33,83.5
2014,6,29,7,14.38,82.69
2014,6,29,8,14.47,81.81
2014,6,29,9,14.54,81.12
2014,6,29,10,14.59,80.56
2014,6,29,11,14.62,80.25
2014,6,29,12,14.59,79.94
2014,6,29,13,14.48,79.75
2014,6,29,14,14.29,79.69
2014,6,29,15,14.08,79.38
2014,6,29,16,13.97,79.0
2014,6,29,17,13.91,78.75
2014,6,29,18,13.82,79.06
2014,6,29,19,13.67,79.81
2014,6,29,20,13.46,80.75
2014,6,29,21,13.16,82.12
2014,6,29,22,12.92,83.56
2014,6,29,23,12.8,84.06
2014,6,30,0,12.77,83.75
2014,6,30,1,12.76,83.25
2014,6,30,2,12.75,83.12
2014,6,30,3,12.79,83.06
2014,6,30,4,12.91,82.56
2014,6,30,5,13.08,81.69
2014,6,30,6,13.2,80.81
2014,6,30,7,13.29,80.38
2014,6,30,8,13.4,80.06
2014,6,30,9,13.48,79.88
2014,6,30,10,13.53,79.69
2014,6,30,11,13.61,79.44
2014,6,30,12,13.68,79.12
2014,6,30,13,13.65,78.81
2014,6,30,14,13.51,78.25
2014,6,30,15,13.47,77.5
2014,6,30,16,13.44,77.25
2014,6,30,17,13.39,77.25
2014,6,30,18,13.34,77.31
2014,6,30,19,13.28,77.5
2014,6,30,20,13.21,77.75
2014,6,30,21,13.15,78.06
2014,6,30,22,13.15,78.19
2014,6,30,23,13.18,77.88
2014,7,1,0,13.23,77.69
2014,7,1,1,13.26,77.5
2014,7,1,2,13.3,77.38
2014,7,1,3,13.36,77.5
2014,7,1,4,13.44,77.44
2014,7,1,5,13.54,77.38
2014,7,1,6,13.68,77.44
2014,7,1,7,13.86,77.62
2014,7,1,8,14.02,77.62
2014,7,1,9,14.08,77.88
2014,7,1,10,14.1,78.12
2014,7,1,11,14.09,78.88
2014,7,1,12,14.07,79.5
2014,7,1,13,14.05,79.69
2014,7,1,14,14.01,79.81
2014,7,1,15,13.98,79.75
2014,7,1,16,14.01,79.25
2014,7,1,17,14.03,78.69
2014,7,1,18,14.02,78.38
2014,7,1,19,14.01,78.06
2014,7,1,20,14.01,77.75
2014,7,1,21,13.97,77.5
2014,7,1,22,13.88,77.44
2014,7,1,23,13.76,77.56
2014,7,2,0,13.67,77.44
2014,7,2,1,13.61,77.12
2014,7,2,2,13.53,76.81
2014,7,2,3,13.44,76.88
2014,7,2,4,13.43,76.94
2014,7,2,5,13.44,76.81
2014,7,2,6,13.5,76.25
2014,7,2,7,13.59,76.0
2014,7,2,8,13.73,76.19
2014,7,2,9,13.97,76.75
2014,7,2,10,14.22,77.62
2014,7,2,11,14.43,79.0
2014,7,2,12,14.58,80.69
2014,7,2,13,14.68,82.31
2014,7,2,14,14.78,83.38
2014,7,2,15,14.83,84.38
2014,7,2,16,14.91,85.0
2014,7,2,17,15.03,85.94
2014,7,2,18,15.15,87.0
2014,7,2,19,15.33,87.19
2014,7,2,20,15.53,87.38
2014,7,2,21,15.65,87.56
2014,7,2,22,15.68,88.44
2014,7,2,23,15.72,89.0
2014,7,3,0,15.82,88.5
2014,7,3,1,15.93,88.0
2014,7,3,2,16.02,87.19
2014,7,3,3,15.8,90.12
2014,7,3,4,15.7,91.31
2014,7,3,5,15.64,91.94
2014,7,3,6,15.59,92.31
2014,7,3,7,15.57,92.5
2014,7,3,8,15.54,92.5
2014,7,3,9,15.55,91.69
2014,7,3,10,15.6,90.44
2014,7,3,11,15.64,90.44
2014,7,3,12,15.65,91.75
2014,7,3,13,15.66,93.31
2014,7,3,14,15.67,94.25
2014,7,3,15,15.67,94.38
2014,7,3,16,15.73,93.31
2014,7,3,17,15.81,92.25
2014,7,3,18,15.83,92.12
2014,7,3,19,15.86,92.19
2014,7,3,20,15.9,92.0
2014,7,3,21,15.98,91.56
2014,7,3,22,16.04,91.62
2014,7,3,23,16.09,91.94
2014,7,4,0,16.11,92.56
2014,7,4,1,16.11,93.06
2014,7,4,2,16.02,93.81
2014,7,4,3,15.98,94.12
2014,7,4,4,15.98,93.94
2014,7,4,5,16.0,93.44
2014,7,4,6,16.01,92.94
2014,7,4,7,16.01,92.56
2014,7,4,8,15.99,92.25
2014,7,4,9,15.97,92.25
2014,7,4,10,15.95,92.31
2014,7,4,11,15.92,92.44
2014,7,4,12,15.91,91.88
2014,7,4,13,15.94,90.75
2014,7,4,14,16.01,89.69
2014,7,4,15,16.07,89.38
2014,7,4,16,16.07,89.81
2014,7,4,17,15.98,91.12
2014,7,4,18,15.94,91.94
2014,7,4,19,16.11,90.31
2014,7,4,20,16.08,91.25
2014,7,4,21,16.06,92.12
2014,7,4,22,16.08,92.5
2014,7,4,23,16.0,93.88
2014,7,5,0,15.88,95.5
2014,7,5,1,15.78,96.69
2014,7,5,2,15.75,97.19
2014,7,5,3,15.76,97.19
2014,7,5,4,15.79,96.75
2014,7,5,5,15.85,95.25
2014,7,5,6,15.91,93.62
2014,7,5,7,15.89,93.56
2014,7,5,8,15.86,94.12
2014,7,5,9,15.88,94.56
2014,7,5,10,15.9,94.75
2014,7,5,11,15.87,95.38
2014,7,5,12,15.87,95.56
2014,7,5,13,15.85,95.31
2014,7,5,14,15.74,94.0
2014,7,5,15,15.55,91.94
2014,7,5,16,15.39,89.38
2014,7,5,17,15.29,86.12
2014,7,5,18,15.23,83.94
2014,7,5,19,15.2,82.88
2014,7,5,20,15.2,82.5
2014,7,5,21,15.18,82.31
2014,7,5,22,15.14,81.88
2014,7,5,23,15.11,81.38
2014,7,6,0,15.11,81.06
2014,7,6,1,15.11,80.5
2014,7,6,2,15.09,79.94
2014,7,6,3,15.12,79.75
2014,7,6,4,15.17,80.31
2014,7,6,5,15.23,80.88
2014,7,6,6,15.27,81.06
2014,7,6,7,15.28,81.44
2014,7,6,8,15.25,82.25
2014,7,6,9,15.24,83.56
2014,7,6,10,15.2,85.69
2014,7,6,11,15.12,87.81
2014,7,6,12,15.01,90.38
2014,7,6,13,15.01,93.25
2014,7,6,14,15.19,95.31
2014,7,6,15,15.49,96.12
2014,7,6,16,15.58,96.75
2014,7,6,17,15.49,96.94
2014,7,6,18,15.4,96.62
2014,7,6,19,15.26,96.12
2014,7,6,20,15.11,95.25
2014,7,6,21,14.97,94.19
2014,7,6,22,14.8,92.88
2014,7,6,23,14.65,91.44
2014,7,7,0,14.47,89.75
2014,7,7,1,14.35,87.81
2014,7,7,2,14.19,86.69
2014,7,7,3,14.19,84.94
2014,7,7,4,14.33,82.75
2014,7,7,5,14.52,81.38
2014,7,7,6,14.75,80.75
2014,7,7,7,15.01,81.19
2014,7,7,8,15.26,81.75
2014,7,7,9,15.48,81.44
2014,7,7,10,15.69,80.69
2014,7,7,11,15.87,80.25
2014,7,7,12,16.0,81.38
2014,7,7,13,16.07,83.75
2014,7,7,14,16.12,85.88
2014,7,7,15,16.14,87.56
2014,7,7,16,16.17,88.62
2014,7,7,17,16.19,89.31
2014,7,7,18,16.21,89.81
2014,7,7,19,16.22,90.12
2014,7,7,20,16.23,90.12
2014,7,7,21,16.18,90.19
2014,7,7,22,16.1,90.19
2014,7,7,23,16.01,90.44
2014,7,8,0,15.88,91.25
2014,7,8,1,15.79,92.12
2014,7,8,2,15.69,92.88
2014,7,8,3,15.66,93.31
2014,7,8,4,15.65,93.56
2014,7,8,5,15.66,93.44
2014,7,8,6,15.69,92.75
2014,7,8,7,15.71,91.5
2014,7,8,8,15.72,89.88
2014,7,8,9,15.77,87.88
2014,7,8,10,15.85,86.12
2014,7,8,11,15.91,84.38
2014,7,8,12,15.94,82.31
2014,7,8,13,15.92,80.44
2014,7,8,14,15.91,79.62
2014,7,8,15,15.87,79.25
2014,7,8,16,15.76,80.19
2014,7,8,17,15.53,81.94
2014,7,8,18,15.25,80.56
2014,7,8,19,14.9,80.19
2014,7,8,20,14.7,80.12
2014,7,8,21,14.46,80.19
2014,7,8,22,14.25,80.88
2014,7,8,23,14.19,81.75
2014,7,9,0,14.21,82.0
2014,7,9,1,14.27,82.38
2014,7,9,2,14.34,83.38
2014,7,9,3,14.38,85.19
2014,7,9,4,14.44,86.88
2014,7,9,5,14.57,88.0
2014,7,9,6,14.7,89.44
2014,7,9,7,14.87,90.62
2014,7,9,8,15.0,91.69
2014,7,9,9,15.07,92.69
2014,7,9,10,15.15,93.62
2014,7,9,11,15.21,94.44
2014,7,9,12,15.24,95.31
2014,7,9,13,15.27,96.06
2014,7,9,14,15.31,96.44
2014,7,9,15,15.35,96.75
2014,7,9,16,15.39,96.94
2014,7,9,17,15.47,97.12
2014,7,9,18,15.51,97.25
2014,7,9,19,15.51,97.38
2014,7,9,20,15.51,97.44
2014,7,9,21,15.55,97.44
2014,7,9,22,15.65,97.31
2014,7,9,23,15.76,97.25
2014,7,10,0,15.85,97.25
2014,7,10,1,15.9,97.44
2014,7,10,2,15.94,97.75
2014,7,10,3,15.98,97.88
2014,7,10,4,16.01,97.88
2014,7,10,5,16.03,97.88
2014,7,10,6,16.05,97.75
2014,7,10,7,16.05,97.62
2014,7,10,8,16.06,97.5
2014,7,10,9,16.1,97.31
2014,7,10,10,16.16,97.19
2014,7,10,11,16.23,97.12
2014,7,10,12,16.26,97.25
2014,7,10,13,16.31,97.31
2014,7,10,14,16.37,97.19
2014,7,10,15,16.4,97.06
2014,7,10,16,16.42,96.94
2014,7,10,17,16.41,97.06
2014,7,10,18,16.41,97.0
2014,7,10,19,16.4,97.0
2014,7,10,20,16.42,96.88
2014,7,10,21,16.4,96.88
2014,7,10,22,16.33,97.12
2014,7,10,23,16.29,97.12
2014,7,11,0,16.26,97.06
2014,7,11,1,16.2,97.19
2014,7,11,2,16.18,97.19
2014,7,11,3,16.16,97.25
2014,7,11,4,16.17,97.19
2014,7,11,5,16.2,97.06
2014,7,11,6,16.24,97.06
2014,7,11,7,16.31,97.06
2014,7,11,8,16.38,97.06
2014,7,11,9,16.48,97.12
2014,7,11,10,16.56,97.06
2014,7,11,11,16.65,96.75
2014,7,11,12,16.72,96.31
2014,7,11,13,16.76,95.94
2014,7,11,14,16.8,95.62
2014,7,11,15,16.8,95.38
2014,7,11,16,16.79,95.0
2014,7,11,17,16.79,94.5
2014,7,11,18,16.77,93.94
2014,7,11,19,16.76,93.12
2014,7,11,20,16.74,92.31
2014,7,11,21,16.72,91.56
2014,7,11,22,16.69,90.88
2014,7,11,23,16.68,90.56
2014,7,12,0,16.62,91.06
2014,7,12,1,16.52,92.5
2014,7,12,2,16.44,94.31
2014,7,12,3,16.46,95.38
2014,7,12,4,16.51,96.06
2014,7,12,5,16.53,96.62
2014,7,12,6,16.55,97.06
2014,7,12,7,16.58,97.38
2014,7,12,8,16.62,97.44
2014,7,12,9,16.76,96.88
2014,7,12,10,16.93,96.19
2014,7,12,11,17.05,95.44
2014,7,12,12,17.14,95.0
2014,7,12,13,17.2,94.94
2014,7,12,14,17.23,95.25
2014,7,12,15,17.25,95.75
2014,7,12,16,17.25,96.25
2014,7,12,17,17.25,96.62
2014,7,12,18,17.26,96.75
2014,7,12,19,17.29,96.81
2014,7,12,20,17.3,96.81
2014,7,12,21,17.26,97.12
2014,7,12,22,17.15,97.75
2014,7,12,23,17.05,98.25
2014,7,13,0,17.01,98.44
2014,7,13,1,16.97,98.5
2014,7,13,2,16.93,98.31
2014,7,13,3,16.88,98.0
2014,7,13,4,16.8,97.38
2014,7,13,5,16.73,96.31
2014,7,13,6,16.67,95.0
2014,7,13,7,16.65,93.44
2014,7,13,8,16.66,91.94
2014,7,13,9,16.76,91.25
2014,7,13,10,16.86,92.06
2014,7,13,11,16.92,92.75
2014,7,13,12,16.98,92.81
2014,7,13,13,17.03,92.69
2014,7,13,14,17.08,92.44
2014,7,13,15,17.09,92.38
2014,7,13,16,17.08,92.69
2014,7,13,17,17.08,93.06
2014,7,13,18,17.07,93.06
2014,7,13,19,17.08,92.75
2014,7,13,20,17.11,92.12
2014,7,13,21,17.11,91.69
2014,7,13,22,17.1,91.31
2014,7,13,23,17.05,91.25
2014,7,14,0,16.97,91.81
2014,7,14,1,16.83,93.25
2014,7,14,2,16.7,94.75
2014,7,14,3,16.58,95.81
2014,7,14,4,16.49,96.19
2014,7,14,5,16.48,95.44
2014,7,14,6,16.49,93.88
2014,7,14,7,16.51,92.19
2014,7,14,8,16.54,90.5
2014,7,14,9,16.54,89.31
2014,7,14,10,16.52,88.25
2014,7,14,11,16.48,87.44
2014,7,14,12,16.4,87.25
2014,7,14,13,16.33,87.44
2014,7,14,14,16.27,87.56
2014,7,14,15,16.26,86.56
2014,7,14,16,16.3,83.94
2014,7,14,17,16.32,80.19
2014,7,14,18,16.36,76.94
2014,7,14,19,16.42,76.38
2014,7,14,20,16.48,78.31
2014,7,14,21,16.53,81.88
2014,7,14,22,16.55,85.94
2014,7,14,23,16.58,89.31
2014,7,15,0,16.68,91.62
2014,7,15,1,16.8,92.88
2014,7,15,2,16.87,93.56
2014,7,15,3,16.83,94.38
2014,7,15,4,16.75,94.12
2014,7,15,5,16.59,91.75
2014,7,15,6,16.37,87.44
2014,7,15,7,16.15,83.5
2014,7,15,8,16.02,81.38
2014,7,15,9,16.05,80.62
2014,7,15,10,16.12,79.88
2014,7,15,11,16.17,79.38
2014,7,15,12,16.19,79.25
2014,7,15,13,16.19,79.19
2014,7,15,14,16.2,79.06
2014,7,15,15,16.19,78.81
2014,7,15,16,16.19,78.25
2014,7,15,17,16.22,77.38
2014,7,15,18,16.24,76.38
2014,7,15,19,16.26,75.31
2014,7,15,20,16.27,74.12
2014,7,15,21,16.19,73.88
2014,7,15,22,16.05,74.62
2014,7,15,23,15.93,75.56
2014,7,16,0,15.82,76.19
2014,7,16,1,15.74,76.31
2014,7,16,2,15.68,76.0
2014,7,16,3,15.71,75.06
2014,7,16,4,15.79,74.12
2014,7,16,5,15.9,73.62
2014,7,16,6,16.04,73.75
2014,7,16,7,16.19,74.44
2014,7,16,8,16.35,75.44
2014,7,16,9,16.51,76.31
2014,7,16,10,16.64,77.12
2014,7,16,11,16.74,77.81
2014,7,16,12,16.83,78.44
2014,7,16,13,16.89,78.75
2014,7,16,14,16.95,79.25
2014,7,16,15,16.96,80.38
2014,7,16,16,16.95,81.94
2014,7,16,17,16.96,83.69
2014,7,16,18,16.98,85.88
2014,7,16,19,16.99,88.12
2014,7,16,20,17.04,90.06
2014,7,16,21,17.05,91.56
2014,7,16,22,17.04,93.0
2014,7,16,23,17.01,94.19
2014,7,17,0,17.02,94.56
2014,7,17,1,17.01,94.69
2014,7,17,2,17.01,94.56
2014,7,17,3,16.95,94.75
2014,7,17,4,16.94,93.94
2014,7,17,5,16.91,91.62
2014,7,17,6,16.86,88.31
2014,7,17,7,16.79,85.0
2014,7,17,8,16.72,82.31
2014,7,17,9,16.68,81.19
2014,7,17,10,16.68,80.94
2014,7,17,11,16.7,80.81
2014,7,17,12,16.73,80.62
2014,7,17,13,16.76,80.44
2014,7,17,14,16.77,80.19
2014,7,17,15,16.79,80.12
2014,7,17,16,16.82,80.0
2014,7,17,17,16.84,79.88
2014,7,17,18,16.85,79.69
2014,7,17,19,16.85,79.62
2014,7,17,20,16.86,79.56
2014,7,17,21,16.8,79.69
2014,7,17,22,16.67,80.12
2014,7,17,23,16.55,80.5
2014,7,18,0,16.44,80.81
2014,7,18,1,16.33,81.56
2014,7,18,2,16.23,82.69
2014,7,18,3,16.18,83.62
2014,7,18,4,16.23,84.12
2014,7,18,5,16.3,84.31
2014,7,18,6,16.4,84.5
2014,7,18,7,16.51,84.69
2014,7,18,8,16.63,84.62
2014,7,18,9,16.75,84.38
2014,7,18,10,16.85,84.0
2014,7,18,11,16.94,83.62
2014,7,18,12,17.02,83.06
2014,7,18,13,17.12,82.56
2014,7,18,14,17.19,82.31
2014,7,18,15,17.26,82.62
2014,7,18,16,17.33,83.38
2014,7,18,17,17.4,84.25
2014,7,18,18,17.44,85.06
2014,7,18,19,17.5,86.0
2014,7,18,20,17.55,86.62
2014,7,18,21,17.56,87.06
2014,7,18,22,17.55,87.25
2014,7,18,23,17.6,86.94
2014,7,19,0,17.62,87.38
2014,7,19,1,17.65,88.0
2014,7,19,2,17.67,88.81
2014,7,19,3,17.9,88.12
2014,7,19,4,17.94,89.75
2014,7,19,5,17.87,92.12
2014,7,19,6,18.0,92.69
2014,7,19,7,18.01,93.81
2014,7,19,8,18.03,94.88
2014,7,19,9,18.08,95.44
2014,7,19,10,18.09,96.12
2014,7,19,11,17.98,97.5
2014,7,19,12,17.96,97.88
2014,7,19,13,17.99,97.81
2014,7,19,14,18.11,96.75
2014,7,19,15,18.45,93.38
2014,7,19,16,18.51,93.0
2014,7,19,17,18.57,92.81
2014,7,19,18,18.6,92.94
2014,7,19,19,18.61,93.25
2014,7,19,20,18.4,95.12
2014,7,19,21,18.26,96.56
2014,7,19,22,18.24,97.0
2014,7,19,23,18.27,96.31
2014,7,20,0,18.28,95.56
2014,7,20,1,18.31,95.38
2014,7,20,2,18.26,95.94
2014,7,20,3,18.24,96.0
2014,7,20,4,18.15,96.62
2014,7,20,5,18.11,97.31
2014,7,20,6,18.11,97.12
2014,7,20,7,18.12,96.06
2014,7,20,8,18.11,94.81
2014,7,20,9,18.01,94.56
2014,7,20,10,17.91,94.31
2014,7,20,11,17.84,94.06
2014,7,20,12,17.69,94.81
2014,7,20,13,17.64,95.31
2014,7,20,14,17.73,95.06
2014,7,20,15,17.73,95.5
2014,7,20,16,17.69,96.38
2014,7,20,17,17.67,96.94
2014,7,20,18,17.69,97.06
2014,7,20,19,17.74,96.88
2014,7,20,20,17.75,96.69
2014,7,20,21,17.68,96.88
2014,7,20,22,17.58,97.06
2014,7,20,23,17.51,97.12
2014,7,21,0,17.45,96.94
2014,7,21,1,17.38,96.62
2014,7,21,2,17.27,96.56
2014,7,21,3,17.15,96.62
2014,7,21,4,17.03,96.94
2014,7,21,5,16.96,97.06
2014,7,21,6,16.91,97.12
2014,7,21,7,16.87,97.19
2014,7,21,8,16.87,97.19
2014,7,21,9,16.92,97.12
2014,7,21,10,17.02,97.0
2014,7,21,11,17.12,97.0
2014,7,21,12,17.22,97.06
2014,7,21,13,17.29,97.12
2014,7,21,14,17.34,97.19
2014,7,21,15,17.4,97.25
2014,7,21,16,17.46,97.25
2014,7,21,17,17.51,97.25
2014,7,21,18,17.55,97.25
2014,7,21,19,17.58,97.19
2014,7,21,20,17.62,97.0
2014,7,21,21,17.56,97.19
2014,7,21,22,17.49,97.38
2014,7,21,23,17.42,97.5
2014,7,22,0,17.37,97.56
2014,7,22,1,17.33,97.44
2014,7,22,2,17.3,97.44
2014,7,22,3,17.3,97.38
2014,7,22,4,17.35,97.12
2014,7,22,5,17.41,97.0
2014,7,22,6,17.49,96.88
2014,7,22,7,17.57,96.75
2014,7,22,8,17.64,96.5
2014,7,22,9,17.75,96.25
2014,7,22,10,17.87,95.94
2014,7,22,11,17.95,95.81
2014,7,22,12,18.02,95.81
2014,7,22,13,18.08,95.75
2014,7,22,14,18.13,95.56
2014,7,22,15,18.19,95.06
2014,7,22,16,18.24,94.38
2014,7,22,17,18.31,93.44
2014,7,22,18,18.37,92.38
2014,7,22,19,18.43,91.31
2014,7,22,20,18.48,90.19
2014,7,22,21,18.45,89.06
2014,7,22,22,18.32,88.38
2014,7,22,23,18.19,88.38
2014,7,23,0,18.06,88.88
2014,7,23,1,17.94,89.75
2014,7,23,2,17.83,90.69
2014,7,23,3,17.8,91.44
2014,7,23,4,17.8,92.06
2014,7,23,5,17.83,92.56
2014,7,23,6,17.87,92.94
2014,7,23,7,17.92,93.38
2014,7,23,8,17.99,93.56
2014,7,23,9,18.17,93.25
2014,7,23,10,18.4,92.62
2014,7,23,11,18.61,92.0
2014,7,23,12,18.77,91.56
2014,7,23,13,18.9,91.12
2014,7,23,14,19.01,90.44
2014,7,23,15,19.15,89.56
2014,7,23,16,19.32,88.56
2014,7,23,17,19.43,87.75
2014,7,23,18,19.49,87.38
2014,7,23,19,19.51,87.62
2014,7,23,20,19.45,88.88
2014,7,23,21,19.3,91.0
2014,7,23,22,19.11,93.5
2014,7,23,23,18.94,95.62
2014,7,24,0,18.84,97.0
2014,7,24,1,18.78,97.81
2014,7,24,2,18.8,97.75
2014,7,24,3,18.82,97.44
2014,7,24,4,18.84,96.94
2014,7,24,5,18.89,96.31
2014,7,24,6,18.92,95.75
2014,7,24,7,18.95,95.12
2014,7,24,8,19.0,94.5
2014,7,24,9,19.09,93.69
2014,7,24,10,19.22,92.69
2014,7,24,11,19.36,91.44
2014,7,24,12,19.47,90.31
2014,7,24,13,19.58,89.25
2014,7,24,14,19.67,88.44
2014,7,24,15,19.72,88.0
2014,7,24,16,19.75,88.0
2014,7,24,17,19.75,88.44
2014,7,24,18,19.76,88.88
2014,7,24,19,19.73,89.44
2014,7,24,20,19.74,89.81
2014,7,24,21,19.66,90.25
2014,7,24,22,19.52,90.94
2014,7,24,23,19.4,91.31
2014,7,25,0,19.31,91.5
2014,7,25,1,19.23,91.5
2014,7,25,2,19.15,91.62
2014,7,25,3,19.08,92.12
2014,7,25,4,19.03,92.81
2014,7,25,5,18.99,93.69
2014,7,25,6,19.02,94.19
2014,7,25,7,19.09,94.38
2014,7,25,8,19.18,94.25
2014,7,25,9,19.29,94.06
2014,7,25,10,19.4,93.88
2014,7,25,11,19.48,93.75
2014,7,25,12,19.55,93.44
2014,7,25,13,19.62,92.81
2014,7,25,14,19.65,92.12
2014,7,25,15,19.64,91.81
2014,7,25,16,19.57,92.06
2014,7,25,17,19.48,93.0
2014,7,25,18,19.38,94.25
2014,7,25,19,19.3,95.5
2014,7,25,20,19.24,96.44
2014,7,25,21,19.27,96.69
2014,7,25,22,19.32,96.75
2014,7,25,23,19.36,96.81
2014,7,26,0,19.42,96.56
2014,7,26,1,19.48,96.19
2014,7,26,2,19.51,95.75
2014,7,26,3,19.58,95.12
2014,7,26,4,19.65,94.38
2014,7,26,5,19.74,93.56
2014,7,26,6,19.82,92.81
2014,7,26,7,19.87,92.5
2014,7,26,8,19.89,92.56
2014,7,26,9,19.87,93.0
2014,7,26,10,19.84,93.44
2014,7,26,11,19.83,93.69
2014,7,26,12,19.8,93.94
2014,7,26,13,19.78,94.06
2014,7,26,14,19.78,93.88
2014,7,26,15,19.81,93.5
2014,7,26,16,19.9,92.88
2014,7,26,17,19.98,92.31
2014,7,26,18,20.11,91.44
2014,7,26,19,20.23,90.44
2014,7,26,20,20.32,89.69
2014,7,26,21,20.09,91.12
2014,7,26,22,19.66,94.38
2014,7,26,23,19.43,95.81
2014,7,27,0,19.25,96.0
2014,7,27,1,19.0,96.62
2014,7,27,2,18.79,97.0
2014,7,27,3,18.66,96.62
2014,7,27,4,18.6,96.06
2014,7,27,5,18.58,95.94
2014,7,27,6,18.58,96.19
2014,7,27,7,18.57,96.19
2014,7,27,8,18.58,94.81
2014,7,27,9,18.6,92.19
2014,7,27,10,18.55,89.31
2014,7,27,11,18.35,88.12
2014,7,27,12,18.18,87.12
2014,7,27,13,18.04,86.12
2014,7,27,14,17.95,84.81
2014,7,27,15,17.87,83.25
2014,7,27,16,17.85,81.25
2014,7,27,17,17.88,79.19
2014,7,27,18,17.88,77.75
2014,7,27,19,17.85,76.69
2014,7,27,20,17.81,76.19
2014,7,27,21,17.74,76.62
2014,7,27,22,17.65,77.38
2014,7,27,23,17.57,77.81
2014,7,28,0,17.5,78.0
2014,7,28,1,17.44,78.0
2014,7,28,2,17.37,77.94
2014,7,28,3,17.37,77.75
2014,7,28,4,17.45,77.81
2014,7,28,5,17.53,77.44
2014,7,28,6,17.6,76.19
2014,7,28,7,17.67,75.88
2014,7,28,8,17.76,76.25
2014,7,28,9,17.88,75.44
2014,7,28,10,18.04,74.5
2014,7,28,11,18.17,74.12
2014,7,28,12,18.27,74.25
2014,7,28,13,18.34,74.5
2014,7,28,14,18.4,74.38
2014,7,28,15,18.39,74.5
2014,7,28,16,18.34,74.75
2014,7,28,17,18.28,75.06
2014,7,28,18,18.2,75.25
2014,7,28,19,18.14,75.25
2014,7,28,20,18.04,75.38
2014,7,28,21,17.95,75.62
2014,7,28,22,17.88,76.38
2014,7,28,23,17.81,77.38
2014,7,29,0,17.74,78.06
2014,7,29,1,17.66,78.62
2014,7,29,2,17.6,78.94
2014,7,29,3,17.58,78.88
2014,7,29,4,17.58,78.31
2014,7,29,5,17.59,77.5
2014,7,29,6,17.63,76.56
2014,7,29,7,17.72,75.75
2014,7,29,8,17.82,75.38
2014,7,29,9,18.0,75.0
2014,7,29,10,18.19,74.94
2014,7,29,11,18.37,75.25
2014,7,29,12,18.5,76.06
2014,7,29,13,18.59,77.38
2014,7,29,14,18.65,78.62
2014,7,29,15,18.61,79.94
2014,7,29,16,18.51,81.19
2014,7,29,17,18.42,81.62
2014,7,29,18,18.3,81.88
2014,7,29,19,18.19,82.12
2014,7,29,20,18.12,82.19
2014,7,29,21,18.05,82.0
2014,7,29,22,17.99,81.25
2014,7,29,23,18.0,79.94
2014,7,30,0,18.05,78.62
2014,7,30,1,18.09,77.75
2014,7,30,2,18.05,77.88
2014,7,30,3,18.02,78.44
2014,7,30,4,17.98,79.06
2014,7,30,5,17.95,79.5
2014,7,30,6,17.94,79.69
2014,7,30,7,17.97,79.25
2014,7,30,8,17.99,78.56
2014,7,30,9,17.96,78.25
2014,7,30,10,17.89,78.44
2014,7,30,11,17.81,79.06
2014,7,30,12,17.76,80.19
2014,7,30,13,17.76,81.5
2014,7,30,14,17.83,82.44
2014,7,30,15,17.98,82.94
2014,7,30,16,18.12,82.88
2014,7,30,17,18.27,82.56
2014,7,30,18,18.42,81.88
2014,7,30,19,18.58,80.94
2014,7,30,20,18.65,80.25
2014,7,30,21,18.58,80.0
2014,7,30,22,18.41,80.5
2014,7,30,23,18.22,81.38
2014,7,31,0,18.03,81.88
2014,7,31,1,17.9,81.94
2014,7,31,2,17.78,81.81
2014,7,31,3,17.67,81.81
2014,7,31,4,17.51,82.19
2014,7,31,5,17.39,82.75
2014,7,31,6,17.32,83.06
2014,7,31,7,17.33,83.0
2014,7,31,8,17.41,83.19
2014,7,31,9,17.5,84.06
2014,7,31,10,17.58,85.69
2014,7,31,11,17.73,86.62
2014,7,31,12,17.88,86.56
2014,7,31,13,17.94,86.56
2014,7,31,14,18.0,86.06
2014,7,31,15,18.09,85.0
2014,7,31,16,18.23,83.31
2014,7,31,17,18.4,81.44
2014,7,31,18,18.5,81.25
2014,7,31,19,18.53,82.56
2014,7,31,20,18.52,84.31
2014,7,31,21,18.51,85.69
2014,7,31,22,18.5,86.12
2014,7,31,23,18.48,86.25
2014,8,1,0,18.45,86.06
2014,8,1,1,18.44,85.81
2014,8,1,2,18.42,85.88
2014,8,1,3,18.4,86.25
2014,8,1,4,18.42,86.5
2014,8,1,5,18.47,86.81
2014,8,1,6,18.51,87.5
2014,8,1,7,18.56,87.81
2014,8,1,8,18.61,88.06
2014,8,1,9,18.65,88.19
2014,8,1,10,18.69,88.56
2014,8,1,11,18.73,89.19
2014,8,1,12,18.73,89.75
2014,8,1,13,18.75,90.06
2014,8,1,14,18.76,90.5
2014,8,1,15,18.77,90.69
2014,8,1,16,18.8,90.88
2014,8,1,17,18.83,91.31
2014,8,1,18,18.87,91.88
2014,8,1,19,18.88,91.88
2014,8,1,20,18.83,91.81
2014,8,1,21,18.73,91.62
2014,8,1,22,18.63,91.06
2014,8,1,23,18.62,90.44
2014,8,2,0,18.65,90.38
2014,8,2,1,18.68,91.25
2014,8,2,2,18.69,92.25
2014,8,2,3,18.68,92.5
2014,8,2,4,18.66,92.06
2014,8,2,5,18.65,90.75
2014,8,2,6,18.68,89.25
2014,8,2,7,18.73,88.44
2014,8,2,8,18.8,88.25
2014,8,2,9,18.88,88.44
2014,8,2,10,18.96,89.0
2014,8,2,11,19.01,90.31
2014,8,2,12,19.02,92.88
2014,8,2,13,19.06,95.38
2014,8,2,14,19.15,96.06
2014,8,2,15,19.36,94.06
2014,8,2,16,19.55,91.75
2014,8,2,17,19.58,91.12
2014,8,2,18,19.59,90.81
2014,8,2,19,19.55,91.0
2014,8,2,20,19.49,91.25
2014,8,2,21,19.42,91.19
2014,8,2,22,19.31,91.38
2014,8,2,23,19.15,92.06
2014,8,3,0,19.01,92.56
2014,8,3,1,18.89,92.69
2014,8,3,2,18.8,92.62
2014,8,3,3,18.81,92.12
2014,8,3,4,18.82,91.5
2014,8,3,5,18.8,90.38
2014,8,3,6,18.64,88.19
2014,8,3,7,18.3,85.31
2014,8,3,8,17.87,82.38
2014,8,3,9,17.51,79.56
2014,8,3,10,17.39,77.31
2014,8,3,11,17.44,76.62
2014,8,3,12,17.58,76.12
2014,8,3,13,17.74,75.75
2014,8,3,14,17.91,75.19
2014,8,3,15,18.05,74.5
2014,8,3,16,18.23,73.81
2014,8,3,17,18.4,73.5
2014,8,3,18,18.59,73.81
2014,8,3,19,18.75,75.0
2014,8,3,20,18.78,77.25
2014,8,3,21,18.73,79.88
2014,8,3,22,18.69,81.88
2014,8,3,23,18.67,83.19
2014,8,4,0,18.66,84.19
2014,8,4,1,18.67,85.12
2014,8,4,2,18.64,86.25
2014,8,4,3,18.6,86.5
2014,8,4,4,18.55,84.81
2014,8,4,5,18.48,82.0
2014,8,4,6,18.37,79.12
2014,8,4,7,18.21,77.25
2014,8,4,8,18.06,75.81
2014,8,4,9,17.93,75.12
2014,8,4,10,17.83,75.12
2014,8,4,11,17.74,75.06
2014,8,4,12,17.7,74.88
2014,8,4,13,17.69,74.56
2014,8,4,14,17.67,74.25
2014,8,4,15,17.66,73.94
2014,8,4,16,17.67,73.5
2014,8,4,17,17.69,73.0
2014,8,4,18,17.7,72.5
2014,8,4,19,17.74,72.19
2014,8,4,20,17.8,72.06
2014,8,4,21,17.81,72.44
2014,8,4,22,17.8,73.25
2014,8,4,23,17.79,74.12
2014,8,5,0,17.8,74.56
2014,8,5,1,17.81,74.69
2014,8,5,2,17.83,74.56
2014,8,5,3,17.89,74.12
2014,8,5,4,17.96,73.31
2014,8,5,5,18.03,72.12
2014,8,5,6,18.11,70.69
2014,8,5,7,18.18,69.31
2014,8,5,8,18.25,67.38
2014,8,5,9,18.32,65.19
2014,8,5,10,18.37,63.44
2014,8,5,11,18.4,62.44
2014,8,5,12,18.44,61.56
2014,8,5,13,18.5,60.75
2014,8,5,14,18.57,60.56
2014,8,5,15,18.66,61.5
2014,8,5,16,18.74,63.19
2014,8,5,17,18.83,65.62
2014,8,5,18,18.9,68.94
2014,8,5,19,18.94,73.62
2014,8,5,20,18.93,79.62
2014,8,5,21,18.83,85.06
2014,8,5,22,18.73,88.94
2014,8,5,23,18.67,89.75
2014,8,6,0,18.65,88.44
2014,8,6,1,18.59,87.0
2014,8,6,2,18.53,85.44
2014,8,6,3,18.53,84.12
2014,8,6,4,18.55,83.25
2014,8,6,5,18.56,83.69
2014,8,6,6,18.58,84.75
2014,8,6,7,18.58,85.31
2014,8,6,8,18.46,86.75
2014,8,6,9,18.33,87.25
2014,8,6,10,18.23,87.56
2014,8,6,11,18.13,88.75
2014,8,6,12,18.12,89.88
2014,8,6,13,18.27,89.81
2014,8,6,14,18.4,89.25
2014,8,6,15,18.35,89.69
2014,8,6,16,18.19,89.75
2014,8,6,17,18.16,89.81
2014,8,6,18,18.23,90.19
2014,8,6,19,18.31,91.19
2014,8,6,20,18.34,92.19
2014,8,6,21,18.4,92.25
2014,8,6,22,18.44,92.38
2014,8,6,23,18.48,92.12
2014,8,7,0,18.48,92.0
2014,8,7,1,18.45,91.88
2014,8,7,2,18.4,91.62
2014,8,7,3,18.32,91.19
2014,8,7,4,18.23,90.62
2014,8,7,5,18.15,89.5
2014,8,7,6,18.11,88.19
2014,8,7,7,18.06,87.25
2014,8,7,8,18.01,86.81
2014,8,7,9,17.98,86.31
2014,8,7,10,17.91,86.06
2014,8,7,11,17.8,86.0
2014,8,7,12,17.66,86.12
2014,8,7,13,17.52,86.0
2014,8,7,14,17.47,85.19
2014,8,7,15,17.48,83.81
2014,8,7,16,17.57,81.75
2014,8,7,17,17.65,79.5
2014,8,7,18,17.67,77.75
2014,8,7,19,17.68,76.94
2014,8,7,20,17.7,76.25
2014,8,7,21,17.69,76.12
2014,8,7,22,17.65,76.38
2014,8,7,23,17.61,76.31
2014,8,8,0,17.54,75.81
2014,8,8,1,17.5,75.38
2014,8,8,2,17.48,74.69
2014,8,8,3,17.44,73.94
2014,8,8,4,17.38,73.38
2014,8,8,5,17.33,72.88
2014,8,8,6,17.28,72.12
2014,8,8,7,17.23,71.06
2014,8,8,8,17.19,70.12
2014,8,8,9,17.33,68.25
2014,8,8,10,17.55,66.06
2014,8,8,11,17.78,64.62
2014,8,8,12,17.98,63.44
2014,8,8,13,18.14,63.56
2014,8,8,14,18.26,64.94
2014,8,8,15,18.3,65.94
2014,8,8,16,18.3,66.56
2014,8,8,17,18.29,67.0
2014,8,8,18,18.29,67.5
2014,8,8,19,18.32,68.25
2014,8,8,20,18.3,69.81
2014,8,8,21,18.2,72.06
2014,8,8,22,18.1,75.44
2014,8,8,23,18.21,78.62
2014,8,9,0,18.3,82.75
2014,8,9,1,18.34,86.69
2014,8,9,2,18.37,90.0
2014,8,9,3,18.24,93.25
2014,8,9,4,18.09,95.5
2014,8,9,5,18.07,96.75
2014,8,9,6,18.05,96.56
2014,8,9,7,17.8,95.12
2014,8,9,8,17.39,92.0
2014,8,9,9,16.89,88.5
2014,8,9,10,16.53,84.38
2014,8,9,11,16.55,81.88
2014,8,9,12,16.69,80.5
2014,8,9,13,16.96,78.0
2014,8,9,14,17.23,75.44
2014,8,9,15,17.58,73.69
2014,8,9,16,17.85,73.12
2014,8,9,17,17.95,73.94
2014,8,9,18,18.01,75.12
2014,8,9,19,18.13,75.31
2014,8,9,20,18.2,75.31
2014,8,9,21,18.19,76.69
2014,8,9,22,18.07,80.44
2014,8,9,23,17.93,84.38
2014,8,10,0,17.85,86.62
2014,8,10,1,17.83,88.06
2014,8,10,2,17.83,90.19
2014,8,10,3,17.87,91.19
2014,8,10,4,17.86,88.62
2014,8,10,5,17.87,82.62
2014,8,10,6,17.81,82.0
2014,8,10,7,17.76,81.81
2014,8,10,8,17.69,81.5
2014,8,10,9,17.58,83.5
2014,8,10,10,17.5,86.38
2014,8,10,11,17.6,88.69
2014,8,10,12,17.83,89.69
2014,8,10,13,17.9,91.69
2014,8,10,14,18.04,91.31
2014,8,10,15,18.3,89.12
2014,8,10,16,18.25,90.69
2014,8,10,17,18.08,93.31
2014,8,10,18,18.08,94.12
2014,8,10,19,18.18,92.25
2014,8,10,20,17.39,87.12
2014,8,10,21,16.37,82.25
2014,8,10,22,15.99,80.75
2014,8,10,23,15.65,81.31
2014,8,11,0,15.53,80.75
2014,8,11,1,15.38,81.25
2014,8,11,2,15.2,82.75
2014,8,11,3,15.05,83.12
2014,8,11,4,14.9,82.25
2014,8,11,5,14.89,80.44
2014,8,11,6,15.06,78.81
2014,8,11,7,15.45,76.19
2014,8,11,8,15.79,74.75
2014,8,11,9,15.8,76.19
2014,8,11,10,15.84,76.88
2014,8,11,11,16.09,76.25
2014,8,11,12,16.42,74.5
2014,8,11,13,16.74,73.31
2014,8,11,14,16.96,72.75
2014,8,11,15,17.07,72.75
2014,8,11,16,17.12,72.94
2014,8,11,17,17.15,72.81
2014,8,11,18,17.13,73.12
2014,8,11,19,17.05,73.81
2014,8,11,20,16.94,74.56
2014,8,11,21,16.77,75.44
2014,8,11,22,16.57,76.25
2014,8,11,23,16.34,77.31
2014,8,12,0,16.12,78.25
2014,8,12,1,15.99,78.62
2014,8,12,2,15.9,78.81
2014,8,12,3,15.89,78.69
2014,8,12,4,15.88,78.5
2014,8,12,5,15.86,78.38
2014,8,12,6,15.8,78.25
2014,8,12,7,15.69,78.25
2014,8,12,8,15.58,78.31
2014,8,12,9,15.48,78.38
2014,8,12,10,15.41,78.56
2014,8,12,11,15.4,78.88
2014,8,12,12,15.53,79.12
2014,8,12,13,15.78,78.88
2014,8,12,14,16.11,77.5
2014,8,12,15,16.34,75.44
2014,8,12,16,16.45,74.12
2014,8,12,17,16.47,74.0
2014,8,12,18,16.44,74.06
2014,8,12,19,16.38,74.25
2014,8,12,20,16.3,74.75
2014,8,12,21,16.2,75.81
2014,8,12,22,16.07,77.25
2014,8,12,23,15.92,78.69
2014,8,13,0,15.77,79.75
2014,8,13,1,15.59,81.06
2014,8,13,2,15.36,82.31
2014,8,13,3,15.12,83.5
2014,8,13,4,14.98,84.12
2014,8,13,5,14.97,84.31
2014,8,13,6,15.0,84.81
2014,8,13,7,15.04,85.5
2014,8,13,8,15.1,85.94
2014,8,13,9,15.24,85.75
2014,8,13,10,15.4,85.19
2014,8,13,11,15.5,84.94
2014,8,13,12,15.61,84.5
2014,8,13,13,15.74,84.0
2014,8,13,14,15.9,83.38
2014,8,13,15,15.99,83.38
2014,8,13,16,16.0,84.12
2014,8,13,17,16.01,84.88
2014,8,13,18,16.06,85.19
2014,8,13,19,16.12,85.31
2014,8,13,20,16.12,85.56
2014,8,13,21,16.11,85.5
2014,8,13,22,16.1,85.0
2014,8,13,23,16.07,84.38
2014,8,14,0,15.98,84.19
2014,8,14,1,15.85,84.44
2014,8,14,2,15.74,84.88
2014,8,14,3,15.66,85.31
2014,8,14,4,15.62,85.44
2014,8,14,5,15.58,85.56
2014,8,14,6,15.55,85.56
2014,8,14,7,15.54,85.69
2014,8,14,8,15.5,85.94
2014,8,14,9,15.44,86.25
2014,8,14,10,15.35,86.56
2014,8,14,11,15.23,86.94
2014,8,14,12,15.17,86.94
2014,8,14,13,15.11,86.81
2014,8,14,14,15.02,86.94
2014,8,14,15,14.94,87.06
2014,8,14,16,14.91,86.75
2014,8,14,17,14.94,86.44
2014,8,14,18,14.95,86.25
2014,8,14,19,14.98,86.12
2014,8,14,20,14.99,86.12
2014,8,14,21,14.99,86.0
2014,8,14,22,15.0,85.75
2014,8,14,23,15.04,84.94
2014,8,15,0,15.08,84.06
2014,8,15,1,15.11,83.25
2014,8,15,2,15.1,82.56
2014,8,15,3,15.1,82.38
2014,8,15,4,15.12,82.5
2014,8,15,5,15.15,82.81
2014,8,15,6,15.23,83.12
2014,8,15,7,15.3,83.56
2014,8,15,8,15.34,84.31
2014,8,15,9,15.37,84.75
2014,8,15,10,15.38,85.0
2014,8,15,11,15.37,85.56
2014,8,15,12,15.33,86.31
2014,8,15,13,15.21,87.25
2014,8,15,14,15.07,87.5
2014,8,15,15,15.0,86.62
2014,8,15,16,14.98,85.0
2014,8,15,17,14.88,84.12
2014,8,15,18,14.69,84.25
2014,8,15,19,14.47,84.69
2014,8,15,20,14.3,84.69
2014,8,15,21,14.18,84.12
2014,8,15,22,14.14,82.56
2014,8,15,23,14.17,80.12
2014,8,16,0,14.12,78.81
2014,8,16,1,14.08,78.25
2014,8,16,2,14.1,77.56
2014,8,16,3,14.2,76.5
2014,8,16,4,14.3,75.56
2014,8,16,5,14.3,76.0
2014,8,16,6,14.14,78.75
2014,8,16,7,13.93,82.75
2014,8,16,8,13.83,85.81
2014,8,16,9,13.93,86.38
2014,8,16,10,14.19,84.75
2014,8,16,11,14.53,82.38
2014,8,16,12,14.8,80.94
2014,8,16,13,14.95,80.81
2014,8,16,14,15.08,81.25
2014,8,16,15,15.3,81.25
2014,8,16,16,15.4,82.5
2014,8,16,17,15.27,85.94
2014,8,16,18,15.18,88.44
2014,8,16,19,15.23,89.06
2014,8,16,20,15.38,88.5
2014,8,16,21,15.54,87.56
2014,8,16,22,15.55,87.44
2014,8,16,23,15.44,88.56
2014,8,17,0,15.42,88.56
2014,8,17,1,15.44,86.44
2014,8,17,2,15.37,83.5
2014,8,17,3,15.18,80.31
2014,8,17,4,14.94,77.94
2014,8,17,5,14.65,78.0
2014,8,17,6,14.52,78.31
2014,8,17,7,14.43,78.88
2014,8,17,8,14.28,80.12
2014,8,17,9,14.22,81.44
2014,8,17,10,14.2,81.5
2014,8,17,11,14.24,80.81
2014,8,17,12,14.38,80.31
2014,8,17,13,14.62,79.38
2014,8,17,14,14.86,78.31
2014,8,17,15,14.96,77.81
2014,8,17,16,14.96,77.88
2014,8,17,17,14.97,78.19
2014,8,17,18,15.03,78.44
2014,8,17,19,15.11,78.94
2014,8,17,20,15.11,79.88
2014,8,17,21,15.02,81.38
2014,8,17,22,14.83,83.0
2014,8,17,23,14.62,83.88
2014,8,18,0,14.48,83.81
2014,8,18,1,14.33,83.81
2014,8,18,2,14.15,84.25
2014,8,18,3,14.01,84.5
2014,8,18,4,13.94,84.25
2014,8,18,5,14.01,83.81
2014,8,18,6,14.17,83.25
2014,8,18,7,14.37,82.81
2014,8,18,8,14.55,82.06
2014,8,18,9,14.65,81.0
2014,8,18,10,14.6,79.88
2014,8,18,11,14.44,78.88
2014,8,18,12,14.44,77.19
2014,8,18,13,14.52,75.31
2014,8,18,14,14.48,74.38
2014,8,18,15,14.32,74.62
2014,8,18,16,14.15,75.25
2014,8,18,17,14.11,75.44
2014,8,18,18,14.13,75.19
2014,8,18,19,14.12,75.0
2014,8,18,20,14.03,75.06
2014,8,18,21,13.89,75.31
2014,8,18,22,13.86,75.12
2014,8,18,23,13.83,75.0
2014,8,19,0,13.76,75.38
2014,8,19,1,13.66,76.06
2014,8,19,2,13.58,76.88
2014,8,19,3,13.52,77.75
2014,8,19,4,13.47,78.75
2014,8,19,5,13.47,79.88
2014,8,19,6,13.56,80.31
2014,8,19,7,13.75,79.88
2014,8,19,8,13.94,79.38
2014,8,19,9,14.12,78.0
2014,8,19,10,14.24,76.31
2014,8,19,11,14.27,75.75
2014,8,19,12,14.13,76.31
2014,8,19,13,13.95,77.06
2014,8,19,14,13.9,76.94
2014,8,19,15,13.86,76.62
2014,8,19,16,13.78,76.69
2014,8,19,17,13.77,76.62
2014,8,19,18,13.85,76.44
2014,8,19,19,13.94,76.31
2014,8,19,20,14.01,75.94
2014,8,19,21,14.08,75.88
2014,8,19,22,14.05,76.69
2014,8,19,23,13.89,78.0
2014,8,20,0,13.72,79.56
2014,8,20,1,13.62,80.5
2014,8,20,2,13.61,80.19
2014,8,20,3,13.68,78.75
2014,8,20,4,13.73,77.56
2014,8,20,5,13.73,77.0
2014,8,20,6,13.69,76.81
2014,8,20,7,13.65,76.94
2014,8,20,8,13.63,77.0
2014,8,20,9,13.61,77.06
2014,8,20,10,13.6,77.06
2014,8,20,11,13.58,77.0
2014,8,20,12,13.58,77.12
2014,8,20,13,13.55,77.38
2014,8,20,14,13.48,77.75
2014,8,20,15,13.41,78.0
2014,8,20,16,13.38,78.0
2014,8,20,17,13.28,78.31
2014,8,20,18,13.18,78.81
2014,8,20,19,13.05,79.38
2014,8,20,20,12.94,80.06
2014,8,20,21,12.84,80.75
2014,8,20,22,12.8,80.81
2014,8,20,23,12.82,80.31
2014,8,21,0,12.9,79.56
2014,8,21,1,12.99,79.25
2014,8,21,2,13.05,79.62
2014,8,21,3,13.08,80.81
2014,8,21,4,13.15,82.12
2014,8,21,5,13.2,83.12
2014,8,21,6,13.19,83.75
2014,8,21,7,13.12,83.88
2014,8,21,8,13.01,83.62
2014,8,21,9,12.94,83.19
2014,8,21,10,12.99,83.19
2014,8,21,11,13.05,83.94
2014,8,21,12,13.07,85.25
2014,8,21,13,13.12,85.81
2014,8,21,14,13.12,85.75
2014,8,21,15,13.13,85.12
2014,8,21,16,13.27,84.31
2014,8,21,17,13.52,83.81
2014,8,21,18,13.82,83.56
2014,8,21,19,14.12,83.56
2014,8,21,20,14.4,83.0
2014,8,21,21,14.62,82.12
2014,8,21,22,14.69,81.69
2014,8,21,23,14.73,81.44
2014,8,22,0,14.69,81.69
2014,8,22,1,14.57,82.31
2014,8,22,2,14.23,83.81
2014,8,22,3,13.83,85.31
2014,8,22,4,13.51,85.75
2014,8,22,5,13.28,85.06
2014,8,22,6,13.15,84.12
2014,8,22,7,13.08,83.62
2014,8,22,8,13.06,83.56
2014,8,22,9,13.05,83.94
2014,8,22,10,13.09,84.25
2014,8,22,11,13.13,84.56
2014,8,22,12,13.21,84.25
2014,8,22,13,13.3,83.81
2014,8,22,14,13.43,83.06
2014,8,22,15,13.62,81.56
2014,8,22,16,13.83,79.0
2014,8,22,17,13.99,76.94
2014,8,22,18,14.03,76.19
2014,8,22,19,14.01,75.81
2014,8,22,20,13.96,75.56
2014,8,22,21,13.85,75.81
2014,8,22,22,13.77,76.12
2014,8,22,23,13.73,76.44
2014,8,23,0,13.67,76.88
2014,8,23,1,13.59,77.44
2014,8,23,2,13.46,78.44
2014,8,23,3,13.33,79.62
2014,8,23,4,13.23,80.81
2014,8,23,5,13.17,81.69
2014,8,23,6,13.06,82.69
2014,8,23,7,12.95,83.44
2014,8,23,8,12.92,83.56
2014,8,23,9,13.0,82.75
2014,8,23,10,13.19,80.81
2014,8,23,11,13.44,78.44
2014,8,23,12,13.64,76.06
2014,8,23,13,13.76,74.44
2014,8,23,14,13.88,73.12
2014,8,23,15,13.96,72.38
2014,8,23,16,13.96,72.38
2014,8,23,17,13.87,72.81
2014,8,23,18,13.74,73.38
2014,8,23,19,13.62,74.0
2014,8,23,20,13.52,74.56
2014,8,23,21,13.45,75.12
2014,8,23,22,13.4,75.5
2014,8,23,23,13.39,75.75
2014,8,24,0,13.4,75.75
2014,8,24,1,13.42,75.88
2014,8,24,2,13.38,76.38
2014,8,24,3,13.32,77.38
2014,8,24,4,13.2,78.62
2014,8,24,5,13.13,79.31
2014,8,24,6,13.09,79.75
2014,8,24,7,13.08,79.94
2014,8,24,8,13.05,80.38
2014,8,24,9,13.05,80.75
2014,8,24,10,13.07,80.69
2014,8,24,11,13.08,80.12
2014,8,24,12,13.12,78.62
2014,8,24,13,13.23,76.69
2014,8,24,14,13.33,74.81
2014,8,24,15,13.38,73.44
2014,8,24,16,13.4,72.62
2014,8,24,17,13.4,72.0
2014,8,24,18,13.4,71.56
2014,8,24,19,13.38,71.06
2014,8,24,20,13.38,70.62
2014,8,24,21,13.36,70.62
2014,8,24,22,13.28,70.88
2014,8,24,23,13.2,71.19
2014,8,25,0,13.12,71.44
2014,8,25,1,13.05,71.5
2014,8,25,2,13.0,71.62
2014,8,25,3,12.96,71.38
2014,8,25,4,12.98,70.69
2014,8,25,5,13.01,69.94
2014,8,25,6,13.06,69.0
2014,8,25,7,13.14,67.94
2014,8,25,8,13.23,67.0
2014,8,25,9,13.3,65.75
2014,8,25,10,13.36,64.69
2014,8,25,11,13.4,63.62
2014,8,25,12,13.46,62.88
2014,8,25,13,13.54,63.12
2014,8,25,14,13.62,64.44
2014,8,25,15,13.73,66.62
2014,8,25,16,13.87,68.44
2014,8,25,17,13.96,69.88
2014,8,25,18,14.02,71.12
2014,8,25,19,14.07,71.88
2014,8,25,20,14.1,72.06
2014,8,25,21,14.03,72.88
2014,8,25,22,13.95,73.94
2014,8,25,23,13.9,74.5
2014,8,26,0,13.86,74.81
2014,8,26,1,13.8,74.94
2014,8,26,2,13.74,75.06
2014,8,26,3,13.71,75.06
2014,8,26,4,13.69,75.25
2014,8,26,5,13.69,75.38
2014,8,26,6,13.71,75.69
2014,8,26,7,13.76,76.31
2014,8,26,8,13.85,77.19
2014,8,26,9,13.94,78.31
2014,8,26,10,14.05,79.56
2014,8,26,11,14.19,80.94
2014,8,26,12,14.36,81.81
2014,8,26,13,14.58,81.75
2014,8,26,14,14.78,81.31
2014,8,26,15,14.93,80.62
2014,8,26,16,15.02,79.62
2014,8,26,17,15.05,79.12
2014,8,26,18,15.0,78.88
2014,8,26,19,14.93,78.81
2014,8,26,20,14.87,78.62
2014,8,26,21,14.78,78.56
2014,8,26,22,14.7,78.75
2014,8,26,23,14.65,78.62
2014,8,27,0,14.62,78.44
2014,8,27,1,14.6,78.12
2014,8,27,2,14.55,77.69
2014,8,27,3,14.54,77.69
2014,8,27,4,14.57,76.94
2014,8,27,5,14.6,75.38
2014,8,27,6,14.62,74.19
2014,8,27,7,14.66,72.75
2014,8,27,8,14.7,71.25
2014,8,27,9,14.79,70.44
2014,8,27,10,14.87,69.62
2014,8,27,11,14.94,69.19
2014,8,27,12,15.02,68.75
2014,8,27,13,15.09,68.38
2014,8,27,14,15.16,68.31
2014,8,27,15,15.23,68.31
2014,8,27,16,15.28,68.38
2014,8,27,17,15.29,69.06
2014,8,27,18,15.3,70.62
2014,8,27,19,15.3,72.69
2014,8,27,20,15.35,74.44
2014,8,27,21,15.4,75.31
2014,8,27,22,15.49,76.06
2014,8,27,23,15.58,77.12
2014,8,28,0,15.6,79.0
2014,8,28,1,15.58,81.5
2014,8,28,2,15.56,84.25
2014,8,28,3,15.58,87.0
2014,8,28,4,15.62,89.62
2014,8,28,5,15.7,92.0
2014,8,28,6,15.86,92.75
2014,8,28,7,16.05,92.5
2014,8,28,8,16.12,92.62
2014,8,28,9,16.15,92.25
2014,8,28,10,16.12,92.38
2014,8,28,11,16.09,92.56
2014,8,28,12,16.06,92.94
2014,8,28,13,16.01,94.0
2014,8,28,14,15.98,95.25
2014,8,28,15,16.07,95.75
2014,8,28,16,16.12,96.12
2014,8,28,17,16.08,96.88
2014,8,28,18,16.04,97.38
2014,8,28,19,16.01,97.31
2014,8,28,20,16.0,96.38
2014,8,28,21,15.9,95.38
2014,8,28,22,15.83,94.25
2014,8,28,23,15.82,93.31
2014,8,29,0,15.83,92.38
2014,8,29,1,15.83,91.88
2014,8,29,2,15.76,91.94
2014,8,29,3,15.72,92.19
2014,8,29,4,15.69,92.75
2014,8,29,5,15.69,92.94
2014,8,29,6,15.73,92.31
2014,8,29,7,15.79,90.75
2014,8,29,8,15.83,88.75
2014,8,29,9,15.8,87.25
2014,8,29,10,15.74,87.5
2014,8,29,11,15.68,88.62
2014,8,29,12,15.64,89.31
2014,8,29,13,15.64,89.56
2014,8,29,14,15.72,89.44
2014,8,29,15,15.85,88.69
2014,8,29,16,15.99,87.5
2014,8,29,17,16.05,87.12
2014,8,29,18,16.11,86.69
2014,8,29,19,16.15,86.62
2014,8,29,20,16.09,87.44
2014,8,29,21,16.01,88.62
2014,8,29,22,15.96,89.56
2014,8,29,23,15.87,90.81
2014,8,30,0,15.74,91.62
2014,8,30,1,15.62,92.75
2014,8,30,2,15.59,93.25
2014,8,30,3,15.57,93.62
2014,8,30,4,15.52,93.69
2014,8,30,5,15.44,93.0
2014,8,30,6,15.35,90.62
2014,8,30,7,15.29,87.19
2014,8,30,8,15.23,85.62
2014,8,30,9,15.19,86.06
2014,8,30,10,15.15,86.94
2014,8,30,11,15.13,87.12
2014,8,30,12,15.12,86.31
2014,8,30,13,15.11,85.25
2014,8,30,14,15.12,84.19
2014,8,30,15,15.12,83.62
2014,8,30,16,15.16,84.12
2014,8,30,17,15.23,85.06
2014,8,30,18,15.3,86.12
2014,8,30,19,15.39,87.06
2014,8,30,20,15.44,88.06
2014,8,30,21,15.45,88.69
2014,8,30,22,15.42,88.88
2014,8,30,23,15.35,89.0
2014,8,31,0,15.26,89.25
2014,8,31,1,15.11,89.56
2014,8,31,2,14.93,90.19
2014,8,31,3,14.74,90.5
2014,8,31,4,14.57,90.81
2014,8,31,5,14.45,90.62
2014,8,31,6,14.38,90.06
2014,8,31,7,14.36,89.44
2014,8,31,8,14.37,88.88
2014,8,31,9,14.55,87.5
2014,8,31,10,14.87,85.62
2014,8,31,11,15.19,84.0
2014,8,31,12,15.45,84.19
2014,8,31,13,15.59,86.88
2014,8,31,14,15.68,88.62
2014,8,31,15,15.73,89.19
2014,8,31,16,15.78,89.0
2014,8,31,17,15.83,88.44
2014,8,31,18,15.86,88.44
2014,8,31,19,15.86,88.62
2014,8,31,20,15.87,88.5
2014,8,31,21,15.87,87.38
2014,8,31,22,15.76,87.25
2014,8,31,23,15.58,87.56
2014,9,1,0,15.41,86.06
2014,9,1,1,15.19,86.75
2014,9,1,2,15.01,87.56
2014,9,1,3,14.97,85.69
2014,9,1,4,15.04,82.62
2014,9,1,5,15.09,80.88
2014,9,1,6,15.15,80.62
2014,9,1,7,15.22,80.94
2014,9,1,8,15.29,81.44
2014,9,1,9,15.38,81.81
2014,9,1,10,15.49,82.38
2014,9,1,11,15.57,83.25
2014,9,1,12,15.64,83.88
2014,9,1,13,15.69,84.56
2014,9,1,14,15.75,85.44
2014,9,1,15,15.76,87.12
2014,9,1,16,15.76,89.0
2014,9,1,17,15.76,90.06
2014,9,1,18,15.76,90.69
2014,9,1,19,15.76,91.06
2014,9,1,20,15.77,91.31
2014,9,1,21,15.76,91.38
2014,9,1,22,15.74,90.94
2014,9,1,23,15.72,90.38
2014,9,2,0,15.69,89.81
2014,9,2,1,15.68,88.69
2014,9,2,2,15.67,87.44
2014,9,2,3,15.67,86.88
2014,9,2,4,15.68,86.5
2014,9,2,5,15.71,86.12
2014,9,2,6,15.75,85.81
2014,9,2,7,15.8,85.56
2014,9,2,8,15.83,85.5
2014,9,2,9,15.9,86.81
2014,9,2,10,15.97,88.75
2014,9,2,11,16.06,88.5
2014,9,2,12,16.16,87.81
2014,9,2,13,16.25,87.12
2014,9,2,14,16.32,86.38
2014,9,2,15,16.35,86.38
2014,9,2,16,16.34,86.62
2014,9,2,17,16.34,86.88
2014,9,2,18,16.34,87.44
2014,9,2,19,16.33,88.38
2014,9,2,20,16.33,89.88
2014,9,2,21,16.26,91.81
2014,9,2,22,16.18,93.56
2014,9,2,23,16.1,94.94
2014,9,3,0,16.04,95.88
2014,9,3,1,15.98,96.56
2014,9,3,2,15.95,96.75
2014,9,3,3,15.97,96.44
2014,9,3,4,16.03,95.81
2014,9,3,5,16.11,95.12
2014,9,3,6,16.19,94.5
2014,9,3,7,16.27,94.06
2014,9,3,8,16.32,94.19
2014,9,3,9,16.36,94.31
2014,9,3,10,16.41,94.25
2014,9,3,11,16.46,94.0
2014,9,3,12,16.51,93.44
2014,9,3,13,16.56,92.56
2014,9,3,14,16.59,91.81
2014,9,3,15,16.61,91.0
2014,9,3,16,16.61,90.25
2014,9,3,17,16.59,89.69
2014,9,3,18,16.56,89.06
2014,9,3,19,16.51,87.88
2014,9,3,20,16.48,85.06
2014,9,3,21,16.41,82.69
2014,9,3,22,16.33,81.56
2014,9,3,23,16.26,80.94
2014,9,4,0,16.2,80.12
2014,9,4,1,16.15,80.31
2014,9,4,2,16.14,81.0
2014,9,4,3,16.19,82.06
2014,9,4,4,16.23,83.75
2014,9,4,5,16.3,85.75
2014,9,4,6,16.37,87.69
2014,9,4,7,16.43,89.38
2014,9,4,8,16.47,90.94
2014,9,4,9,16.54,92.06
2014,9,4,10,16.6,92.81
2014,9,4,11,16.64,93.25
2014,9,4,12,16.66,93.25
2014,9,4,13,16.66,92.69
2014,9,4,14,16.65,92.06
2014,9,4,15,16.62,91.44
2014,9,4,16,16.57,91.06
2014,9,4,17,16.55,90.88
2014,9,4,18,16.52,91.06
2014,9,4,19,16.52,91.25
2014,9,4,20,16.55,91.56
2014,9,4,21,16.51,92.31
2014,9,4,22,16.47,93.25
2014,9,4,23,16.46,93.88
2014,9,5,0,16.46,94.31
2014,9,5,1,16.46,94.5
2014,9,5,2,16.43,94.69
2014,9,5,3,16.4,94.88
2014,9,5,4,16.4,95.06
2014,9,5,5,16.41,95.25
2014,9,5,6,16.41,95.56
2014,9,5,7,16.42,95.94
2014,9,5,8,16.44,96.31
2014,9,5,9,16.47,96.56
2014,9,5,10,16.52,96.62
2014,9,5,11,16.55,96.81
2014,9,5,12,16.57,97.0
2014,9,5,13,16.57,97.12
2014,9,5,14,16.56,97.31
2014,9,5,15,16.55,97.44
2014,9,5,16,16.54,97.56
2014,9,5,17,16.53,97.69
2014,9,5,18,16.51,97.88
2014,9,5,19,16.51,98.06
2014,9,5,20,16.49,98.31
2014,9,5,21,16.5,98.38
2014,9,5,22,16.49,98.38
2014,9,5,23,16.54,98.19
2014,9,6,0,16.53,98.06
2014,9,6,1,16.45,98.06
2014,9,6,2,16.43,97.81
2014,9,6,3,16.36,97.75
2014,9,6,4,16.23,97.88
2014,9,6,5,16.12,97.94
2014,9,6,6,16.0,97.94
2014,9,6,7,15.93,97.69
2014,9,6,8,15.87,97.31
2014,9,6,9,15.81,96.88
2014,9,6,10,15.76,96.12
2014,9,6,11,15.65,95.69
2014,9,6,12,15.53,95.44
2014,9,6,13,15.4,95.0
2014,9,6,14,15.29,94.25
2014,9,6,15,15.19,92.88
2014,9,6,16,15.1,91.31
2014,9,6,17,15.01,89.62
2014,9,6,18,14.95,87.56
2014,9,6,19,14.94,85.12
2014,9,6,20,14.92,82.62
2014,9,6,21,14.88,80.12
2014,9,6,22,14.8,77.88
2014,9,6,23,14.73,75.69
2014,9,7,0,14.65,73.5
2014,9,7,1,14.59,71.38
2014,9,7,2,14.57,69.56
2014,9,7,3,14.57,68.5
2014,9,7,4,14.63,67.94
2014,9,7,5,14.69,67.62
2014,9,7,6,14.75,67.44
2014,9,7,7,14.76,67.69
2014,9,7,8,14.68,68.88
2014,9,7,9,14.56,70.88
2014,9,7,10,14.45,73.0
2014,9,7,11,14.4,75.0
2014,9,7,12,14.39,76.06
2014,9,7,13,14.4,76.56
2014,9,7,14,14.47,76.62
2014,9,7,15,14.49,76.88
2014,9,7,16,14.51,77.38
2014,9,7,17,14.53,77.69
2014,9,7,18,14.48,78.88
2014,9,7,19,14.26,81.69
2014,9,7,20,14.01,84.44
2014,9,7,21,13.89,86.06
2014,9,7,22,13.93,85.88
2014,9,7,23,13.98,85.06
2014,9,8,0,14.01,84.0
2014,9,8,1,14.0,82.81
2014,9,8,2,13.92,82.44
2014,9,8,3,13.89,83.5
2014,9,8,4,14.21,84.38
2014,9,8,5,14.71,81.75
2014,9,8,6,15.01,76.94
2014,9,8,7,15.15,74.31
2014,9,8,8,15.25,72.62
2014,9,8,9,15.32,72.0
2014,9,8,10,15.29,72.38
2014,9,8,11,15.22,73.0
2014,9,8,12,15.08,74.19
2014,9,8,13,14.93,75.56
2014,9,8,14,14.78,77.62
2014,9,8,15,14.62,80.81
2014,9,8,16,14.5,84.0
2014,9,8,17,14.49,84.69
2014,9,8,18,14.48,84.12
2014,9,8,19,14.39,83.94
2014,9,8,20,14.3,83.69
2014,9,8,21,14.26,83.06
2014,9,8,22,14.28,81.88
2014,9,8,23,14.3,81.38
2014,9,9,0,14.33,81.56
2014,9,9,1,14.32,81.75
2014,9,9,2,14.29,81.88
2014,9,9,3,14.31,81.75
2014,9,9,4,14.36,81.44
2014,9,9,5,14.41,80.88
2014,9,9,6,14.48,80.06
2014,9,9,7,14.55,78.94
2014,9,9,8,14.6,77.62
2014,9,9,9,14.6,76.75
2014,9,9,10,14.58,76.0
2014,9,9,11,14.58,75.31
2014,9,9,12,14.58,75.12
2014,9,9,13,14.58,75.06
2014,9,9,14,14.55,75.25
2014,9,9,15,14.5,75.75
2014,9,9,16,14.39,76.75
2014,9,9,17,14.27,77.81
2014,9,9,18,14.17,78.31
2014,9,9,19,14.12,78.38
2014,9,9,20,14.11,78.19
2014,9,9,21,14.08,78.19
2014,9,9,22,14.03,78.12
2014,9,9,23,14.05,77.88
2014,9,10,0,14.09,77.38
2014,9,10,1,14.16,76.81
2014,9,10,2,14.21,76.44
2014,9,10,3,14.26,76.19
2014,9,10,4,14.28,75.94
2014,9,10,5,14.3,75.75
2014,9,10,6,14.33,75.69
2014,9,10,7,14.37,75.62
2014,9,10,8,14.4,75.56
2014,9,10,9,14.48,75.31
2014,9,10,10,14.62,74.62
2014,9,10,11,14.78,73.81
2014,9,10,12,14.94,72.88
2014,9,10,13,15.06,72.31
2014,9,10,14,15.15,72.0
2014,9,10,15,15.22,72.38
2014,9,10,16,15.2,73.94
2014,9,10,17,15.1,76.5
2014,9,10,18,14.88,79.38
2014,9,10,19,14.62,81.62
2014,9,10,20,14.42,83.19
2014,9,10,21,14.3,83.69
2014,9,10,22,14.26,83.81
2014,9,10,23,14.3,83.38
2014,9,11,0,14.37,82.94
2014,9,11,1,14.43,82.75
2014,9,11,2,14.47,82.94
2014,9,11,3,14.55,83.38
2014,9,11,4,14.66,83.69
2014,9,11,5,14.78,83.75
2014,9,11,6,14.89,83.75
2014,9,11,7,15.01,83.81
2014,9,11,8,15.14,83.94
2014,9,11,9,15.28,84.19
2014,9,11,10,15.39,84.38
2014,9,11,11,15.48,84.44
2014,9,11,12,15.55,84.88
2014,9,11,13,15.56,86.31
2014,9,11,14,15.55,87.75
2014,9,11,15,15.51,88.88
2014,9,11,16,15.47,89.62
2014,9,11,17,15.42,90.56
2014,9,11,18,15.38,91.44
2014,9,11,19,15.39,92.19
2014,9,11,20,15.38,93.19
2014,9,11,21,15.32,94.31
2014,9,11,22,15.23,95.5
2014,9,11,23,15.15,96.62
2014,9,12,0,15.09,97.38
2014,9,12,1,15.08,97.25
2014,9,12,2,15.03,96.75
2014,9,12,3,15.01,96.12
2014,9,12,4,15.01,95.62
2014,9,12,5,15.01,95.12
2014,9,12,6,15.01,94.75
2014,9,12,7,14.99,94.44
2014,9,12,8,14.98,94.12
2014,9,12,9,15.03,93.38
2014,9,12,10,15.12,92.25
2014,9,12,11,15.16,91.19
2014,9,12,12,15.19,90.0
2014,9,12,13,15.19,89.25
2014,9,12,14,15.18,88.62
2014,9,12,15,15.15,88.06
2014,9,12,16,15.14,87.69
2014,9,12,17,15.12,87.44
2014,9,12,18,15.08,87.12
2014,9,12,19,15.05,86.56
2014,9,12,20,15.02,85.62
2014,9,12,21,14.97,84.88
2014,9,12,22,14.9,84.44
2014,9,12,23,14.81,84.25
2014,9,13,0,14.72,84.06
2014,9,13,1,14.62,84.0
2014,9,13,2,14.51,84.0
2014,9,13,3,14.48,83.94
2014,9,13,4,14.48,83.69
2014,9,13,5,14.47,83.38
2014,9,13,6,14.48,83.31
2014,9,13,7,14.53,83.19
2014,9,13,8,14.63,83.0
2014,9,13,9,14.74,82.56
2014,9,13,10,14.86,81.94
2014,9,13,11,14.98,81.56
2014,9,13,12,15.14,81.81
2014,9,13,13,15.3,82.88
2014,9,13,14,15.44,85.0
2014,9,13,15,15.52,87.94
2014,9,13,16,15.58,90.62
2014,9,13,17,15.61,92.94
2014,9,13,18,15.62,94.62
2014,9,13,19,15.64,95.69
2014,9,13,20,15.62,96.25
2014,9,13,21,15.55,96.31
2014,9,13,22,15.44,95.69
2014,9,13,23,15.35,94.56
2014,9,14,0,15.3,93.62
2014,9,14,1,15.28,93.0
2014,9,14,2,15.27,92.56
2014,9,14,3,15.32,91.81
2014,9,14,4,15.37,91.38
2014,9,14,5,15.4,91.25
2014,9,14,6,15.42,91.5
2014,9,14,7,15.44,92.31
2014,9,14,8,15.46,93.06
2014,9,14,9,15.51,93.38
2014,9,14,10,15.58,93.19
2014,9,14,11,15.65,92.31
2014,9,14,12,15.73,89.12
2014,9,14,13,15.75,86.19
2014,9,14,14,15.71,86.19
2014,9,14,15,15.68,86.62
2014,9,14,16,15.7,87.25
2014,9,14,17,15.76,88.0
2014,9,14,18,15.8,89.31
2014,9,14,19,15.79,90.62
2014,9,14,20,15.73,91.69
2014,9,14,21,15.65,92.69
2014,9,14,22,15.56,94.12
2014,9,14,23,15.58,95.0
2014,9,15,0,15.73,95.12
2014,9,15,1,15.91,95.25
2014,9,15,2,16.03,95.38
2014,9,15,3,16.06,95.56
2014,9,15,4,16.06,95.38
2014,9,15,5,16.03,95.25
2014,9,15,6,15.91,95.81
2014,9,15,7,15.82,96.0
2014,9,15,8,15.82,95.81
2014,9,15,9,15.81,96.06
2014,9,15,10,15.91,95.31
2014,9,15,11,16.03,94.88
2014,9,15,12,16.06,95.12
2014,9,15,13,16.05,95.44
2014,9,15,14,16.04,95.69
2014,9,15,15,16.05,95.75
2014,9,15,16,16.06,95.75
2014,9,15,17,16.05,96.19
2014,9,15,18,16.04,96.75
2014,9,15,19,16.01,97.25
2014,9,15,20,16.01,97.5
2014,9,15,21,16.05,97.31
2014,9,15,22,16.1,96.88
2014,9,15,23,16.15,96.5
2014,9,16,0,16.16,96.5
2014,9,16,1,16.16,96.62
2014,9,16,2,16.17,96.69
2014,9,16,3,16.19,96.69
2014,9,16,4,16.16,97.0
2014,9,16,5,16.11,97.44
2014,9,16,6,16.06,97.69
2014,9,16,7,16.03,97.75
2014,9,16,8,16.01,97.81
2014,9,16,9,16.03,97.62
2014,9,16,10,16.05,97.44
2014,9,16,11,16.19,96.5
2014,9,16,12,16.09,97.0
2014,9,16,13,16.02,97.38
2014,9,16,14,15.99,97.19
2014,9,16,15,15.98,97.06
2014,9,16,16,16.0,97.0
2014,9,16,17,16.25,95.38
2014,9,16,18,16.28,95.38
2014,9,16,19,16.21,95.94
2014,9,16,20,16.2,96.0
2014,9,16,21,16.29,95.12
2014,9,16,22,16.36,94.19
2014,9,16,23,16.36,93.69
2014,9,17,0,16.29,94.0
2014,9,17,1,16.21,94.62
2014,9,17,2,16.19,94.88
2014,9,17,3,16.22,94.81
2014,9,17,4,16.18,95.12
2014,9,17,5,16.15,95.25
2014,9,17,6,16.19,95.0
2014,9,17,7,16.22,94.88
2014,9,17,8,16.23,94.88
2014,9,17,9,16.23,95.19
2014,9,17,10,16.25,94.94
2014,9,17,11,16.28,94.88
2014,9,17,12,16.28,95.06
2014,9,17,13,16.28,95.0
2014,9,17,14,16.25,95.12
2014,9,17,15,16.23,95.06
2014,9,17,16,16.3,94.5
2014,9,17,17,16.4,93.5
2014,9,17,18,16.51,92.5
2014,9,17,19,16.55,91.88
2014,9,17,20,16.55,91.56
2014,9,17,21,16.58,91.0
2014,9,17,22,16.57,90.56
2014,9,17,23,16.49,90.31
2014,9,18,0,16.39,90.44
2014,9,18,1,16.32,90.62
2014,9,18,2,16.23,91.06
2014,9,18,3,16.13,91.69
2014,9,18,4,16.02,92.5
2014,9,18,5,15.92,93.19
2014,9,18,6,15.86,93.62
2014,9,18,7,15.82,93.88
2014,9,18,8,15.8,94.12
2014,9,18,9,15.84,94.19
2014,9,18,10,15.95,93.38
2014,9,18,11,16.04,93.0
2014,9,18,12,16.05,93.38
2014,9,18,13,16.02,94.0
2014,9,18,14,16.01,94.38
2014,9,18,15,16.01,94.81
2014,9,18,16,16.0,95.25
2014,9,18,17,15.99,95.69
2014,9,18,18,16.01,96.0
2014,9,18,19,16.02,96.25
2014,9,18,20,16.06,96.19
2014,9,18,21,16.11,95.94
2014,9,18,22,16.18,95.56
2014,9,18,23,16.23,95.25
2014,9,19,0,16.26,95.19
2014,9,19,1,16.23,95.5
2014,9,19,2,16.19,95.88
2014,9,19,3,16.13,96.38
2014,9,19,4,16.07,96.81
2014,9,19,5,16.04,97.06
2014,9,19,6,16.03,97.19
2014,9,19,7,16.1,96.56
2014,9,19,8,16.16,96.06
2014,9,19,9,16.17,96.06
2014,9,19,10,16.17,96.38
2014,9,19,11,16.17,96.5
2014,9,19,12,16.17,96.5
2014,9,19,13,16.16,96.56
2014,9,19,14,16.15,96.62
2014,9,19,15,16.15,96.56
2014,9,19,16,16.15,96.69
2014,9,19,17,16.15,96.81
2014,9,19,18,16.13,97.0
2014,9,19,19,16.12,97.25
2014,9,19,20,16.09,97.56
2014,9,19,21,16.06,97.75
2014,9,19,22,16.01,98.0
2014,9,19,23,15.97,98.25
2014,9,20,0,15.96,98.31
2014,9,20,1,16.01,98.25
2014,9,20,2,16.09,97.88
2014,9,20,3,16.05,97.81
2014,9,20,4,15.94,97.94
2014,9,20,5,15.81,98.12
2014,9,20,6,15.72,98.25
2014,9,20,7,15.64,98.25
2014,9,20,8,15.58,98.25
2014,9,20,9,15.52,98.19
2014,9,20,10,15.47,97.94
2014,9,20,11,15.4,97.56
2014,9,20,12,15.27,97.38
2014,9,20,13,15.15,97.19
2014,9,20,14,15.05,96.69
2014,9,20,15,14.97,95.44
2014,9,20,16,14.88,92.75
2014,9,20,17,14.8,88.94
2014,9,20,18,14.76,84.56
2014,9,20,19,14.73,81.44
2014,9,20,20,14.68,80.38
2014,9,20,21,14.62,79.88
2014,9,20,22,14.58,79.75
2014,9,20,23,14.55,80.25
2014,9,21,0,14.48,81.69
2014,9,21,1,14.41,83.25
2014,9,21,2,14.34,84.19
2014,9,21,3,14.23,84.38
2014,9,21,4,14.19,83.31
2014,9,21,5,14.25,81.0
2014,9,21,6,14.26,79.44
2014,9,21,7,14.24,79.0
2014,9,21,8,14.2,79.19
2014,9,21,9,14.26,79.0
2014,9,21,10,14.4,79.06
2014,9,21,11,14.51,79.5
2014,9,21,12,14.55,78.94
2014,9,21,13,14.58,76.62
2014,9,21,14,14.56,73.75
2014,9,21,15,14.44,71.94
2014,9,21,16,14.27,71.88
2014,9,21,17,14.06,72.38
2014,9,21,18,13.83,73.38
2014,9,21,19,13.61,74.81
2014,9,21,20,13.47,75.5
2014,9,21,21,13.41,75.0
2014,9,21,22,13.42,73.88
2014,9,21,23,13.41,73.25
2014,9,22,0,13.42,73.19
2014,9,22,1,13.45,72.75
2014,9,22,2,13.48,72.38
2014,9,22,3,13.47,72.31
2014,9,22,4,13.44,72.19
2014,9,22,5,13.4,72.06
2014,9,22,6,13.39,71.69
2014,9,22,7,13.5,70.75
2014,9,22,8,13.66,70.25
2014,9,22,9,13.71,70.62
2014,9,22,10,13.67,71.5
2014,9,22,11,13.65,72.12
2014,9,22,12,13.64,72.62
2014,9,22,13,13.62,73.12
2014,9,22,14,13.6,73.5
2014,9,22,15,13.57,73.88
2014,9,22,16,13.54,74.12
2014,9,22,17,13.51,74.31
2014,9,22,18,13.47,74.38
2014,9,22,19,13.44,74.5
2014,9,22,20,13.43,74.75
2014,9,22,21,13.45,75.44
2014,9,22,22,13.52,76.31
2014,9,22,23,13.64,77.44
2014,9,23,0,13.8,79.06
2014,9,23,1,14.0,80.94
2014,9,23,2,14.26,82.69
2014,9,23,3,14.54,84.44
2014,9,23,4,14.72,86.12
2014,9,23,5,14.82,87.5
2014,9,23,6,14.81,88.56
2014,9,23,7,14.76,88.62
2014,9,23,8,14.7,87.94
2014,9,23,9,14.65,86.94
2014,9,23,10,14.65,85.56
2014,9,23,11,14.67,84.38
2014,9,23,12,14.67,84.31
2014,9,23,13,14.65,85.31
2014,9,23,14,14.63,86.81
2014,9,23,15,14.56,88.75
2014,9,23,16,14.48,90.62
2014,9,23,17,14.4,92.12
2014,9,23,18,14.35,93.12
2014,9,23,19,14.32,93.5
2014,9,23,20,14.25,93.38
2014,9,23,21,14.19,92.88
2014,9,23,22,14.12,92.5
2014,9,23,23,14.02,92.69
2014,9,24,0,13.83,92.75
2014,9,24,1,13.55,92.12
2014,9,24,2,13.22,91.69
2014,9,24,3,12.95,91.19
2014,9,24,4,12.84,90.06
2014,9,24,5,12.85,88.62
2014,9,24,6,12.88,87.19
2014,9,24,7,13.01,85.19
2014,9,24,8,13.21,82.88
2014,9,24,9,13.33,81.94
2014,9,24,10,13.41,81.94
2014,9,24,11,13.46,82.31
2014,9,24,12,13.41,83.38
2014,9,24,13,13.33,84.38
2014,9,24,14,13.38,84.56
2014,9,24,15,13.55,84.06
2014,9,24,16,13.73,83.38
2014,9,24,17,13.85,82.75
2014,9,24,18,13.9,82.38
2014,9,24,19,13.9,82.0
2014,9,24,20,13.96,80.62
2014,9,24,21,14.01,78.69
2014,9,24,22,14.01,76.38
2014,9,24,23,13.98,74.62
2014,9,25,0,13.94,74.44
2014,9,25,1,13.9,75.69
2014,9,25,2,13.9,77.62
2014,9,25,3,14.02,78.75
2014,9,25,4,14.21,78.5
2014,9,25,5,14.3,77.38
2014,9,25,6,14.23,76.44
2014,9,25,7,14.05,76.75
2014,9,25,8,13.7,80.38
2014,9,25,9,13.59,83.44
2014,9,25,10,13.79,85.56
2014,9,25,11,14.08,87.94
2014,9,25,12,14.37,89.88
2014,9,25,13,14.58,91.44
2014,9,25,14,14.74,92.62
2014,9,25,15,14.86,93.38
2014,9,25,16,14.96,93.94
2014,9,25,17,15.0,94.5
2014,9,25,18,15.03,94.81
2014,9,25,19,15.06,94.81
2014,9,25,20,15.1,94.56
2014,9,25,21,15.16,94.38
2014,9,25,22,15.24,94.12
2014,9,25,23,15.29,94.0
2014,9,26,0,15.3,93.88
2014,9,26,1,15.37,93.31
2014,9,26,2,15.41,93.12
2014,9,26,3,15.44,93.69
2014,9,26,4,15.55,93.31
2014,9,26,5,15.49,93.44
2014,9,26,6,15.37,92.69
2014,9,26,7,15.24,90.31
2014,9,26,8,15.15,89.38
2014,9,26,9,15.16,88.81
2014,9,26,10,15.13,89.0
2014,9,26,11,15.04,87.31
2014,9,26,12,14.91,80.88
2014,9,26,13,14.76,75.56
2014,9,26,14,14.62,73.06
2014,9,26,15,14.51,72.38
2014,9,26,16,14.47,71.81
2014,9,26,17,14.48,70.94
2014,9,26,18,14.55,70.06
2014,9,26,19,14.69,69.44
2014,9,26,20,14.9,68.56
2014,9,26,21,15.05,67.88
2014,9,26,22,15.04,69.06
2014,9,26,23,14.95,70.12
2014,9,27,0,14.76,70.69
2014,9,27,1,14.52,72.12
2014,9,27,2,14.33,73.31
2014,9,27,3,14.26,74.19
2014,9,27,4,14.25,74.88
2014,9,27,5,14.26,75.38
2014,9,27,6,14.26,75.75
2014,9,27,7,14.29,75.81
2014,9,27,8,14.33,75.69
2014,9,27,9,14.4,75.31
2014,9,27,10,14.48,74.81
2014,9,27,11,14.55,74.5
2014,9,27,12,14.6,74.44
2014,9,27,13,14.61,74.56
2014,9,27,14,14.59,74.5
2014,9,27,15,14.56,74.25
2014,9,27,16,14.54,73.69
2014,9,27,17,14.54,73.31
2014,9,27,18,14.57,73.88
2014,9,27,19,14.69,76.5
2014,9,27,20,14.81,81.81
2014,9,27,21,14.96,85.81
2014,9,27,22,15.05,87.69
2014,9,27,23,15.03,89.0
2014,9,28,0,14.9,89.81
2014,9,28,1,14.74,90.0
2014,9,28,2,14.67,88.94
2014,9,28,3,14.69,88.12
2014,9,28,4,14.76,88.44
2014,9,28,5,14.83,89.31
2014,9,28,6,14.9,90.0
2014,9,28,7,14.96,90.38
2014,9,28,8,15.01,90.31
2014,9,28,9,15.05,90.06
2014,9,28,10,15.12,89.62
2014,9,28,11,15.2,89.12
2014,9,28,12,15.26,89.0
2014,9,28,13,15.31,89.19
2014,9,28,14,15.34,89.56
2014,9,28,15,15.36,89.94
2014,9,28,16,15.37,90.38
2014,9,28,17,15.39,91.12
2014,9,28,18,15.39,92.19
2014,9,28,19,15.38,93.56
2014,9,28,20,15.37,94.75
2014,9,28,21,15.32,95.69
2014,9,28,22,15.26,96.38
2014,9,28,23,15.2,97.0
2014,9,29,0,15.14,97.5
2014,9,29,1,15.08,97.88
2014,9,29,2,15.04,97.94
2014,9,29,3,15.02,97.81
2014,9,29,4,15.01,97.69
2014,9,29,5,15.02,97.44
2014,9,29,6,15.04,96.94
2014,9,29,7,15.08,96.06
2014,9,29,8,15.14,95.0
2014,9,29,9,15.23,93.62
2014,9,29,10,15.34,92.06
2014,9,29,11,15.45,90.56
2014,9,29,12,15.55,89.19
2014,9,29,13,15.63,88.0
2014,9,29,14,15.7,86.94
2014,9,29,15,15.72,86.56
2014,9,29,16,15.69,86.81
2014,9,29,17,15.65,87.62
2014,9,29,18,15.58,89.12
2014,9,29,19,15.5,91.25
2014,9,29,20,15.4,93.69
2014,9,29,21,15.3,95.81
2014,9,29,22,15.23,97.19
2014,9,29,23,15.17,97.69
2014,9,30,0,15.14,97.5
2014,9,30,1,15.12,97.12
2014,9,30,2,15.12,96.31
2014,9,30,3,15.11,96.25
2014,9,30,4,15.08,96.56
2014,9,30,5,15.08,96.31
2014,9,30,6,15.1,95.94
2014,9,30,7,15.08,96.0
2014,9,30,8,15.09,96.06
2014,9,30,9,15.2,95.38
2014,9,30,10,15.28,94.81
2014,9,30,11,15.29,95.0
2014,9,30,12,15.29,95.25
2014,9,30,13,15.29,95.31
2014,9,30,14,15.3,95.31
2014,9,30,15,15.26,95.56
2014,9,30,16,15.19,96.0
2014,9,30,17,15.12,96.44
2014,9,30,18,15.04,96.69
2014,9,30,19,14.98,96.75
2014,9,30,20,14.92,96.81
2014,9,30,21,14.9,96.62
2014,9,30,22,14.9,96.38
2014,9,30,23,14.95,96.0
2014,10,1,0,15.05,95.44
2014,10,1,1,15.15,94.94
2014,10,1,2,15.23,94.62
2014,10,1,3,15.31,94.31
2014,10,1,4,15.38,94.44
2014,10,1,5,15.47,94.25
2014,10,1,6,15.4,95.69
2014,10,1,7,15.37,96.19
2014,10,1,8,15.33,96.06
2014,10,1,9,15.28,95.69
2014,10,1,10,15.26,94.75
2014,10,1,11,15.23,93.94
2014,10,1,12,15.14,93.94
2014,10,1,13,15.05,93.62
2014,10,1,14,14.97,93.5
2014,10,1,15,14.91,93.31
2014,10,1,16,14.87,93.31
2014,10,1,17,14.83,93.44
2014,10,1,18,14.78,93.44
2014,10,1,19,14.74,92.94
2014,10,1,20,14.7,92.38
2014,10,1,21,14.63,92.25
2014,10,1,22,14.56,91.81
2014,10,1,23,14.48,89.94
2014,10,2,0,14.36,87.81
2014,10,2,1,14.25,85.5
2014,10,2,2,14.17,82.75
2014,10,2,3,14.13,80.31
2014,10,2,4,14.08,78.69
2014,10,2,5,14.02,77.38
2014,10,2,6,13.99,76.19
2014,10,2,7,13.94,75.12
2014,10,2,8,13.92,74.88
2014,10,2,9,13.98,74.69
2014,10,2,10,14.08,74.69
2014,10,2,11,14.19,75.19
2014,10,2,12,14.29,75.94
2014,10,2,13,14.36,76.75
2014,10,2,14,14.43,77.44
2014,10,2,15,14.46,77.88
2014,10,2,16,14.5,77.75
2014,10,2,17,14.58,77.06
2014,10,2,18,14.7,76.5
2014,10,2,19,14.89,77.5
2014,10,2,20,15.08,81.06
2014,10,2,21,15.2,84.69
2014,10,2,22,15.29,86.94
2014,10,2,23,15.29,88.94
2014,10,3,0,15.27,90.38
2014,10,3,1,15.31,90.88
2014,10,3,2,15.41,90.81
2014,10,3,3,15.48,90.81
2014,10,3,4,15.48,91.0
2014,10,3,5,15.45,91.44
2014,10,3,6,15.37,92.75
2014,10,3,7,15.34,93.44
2014,10,3,8,15.37,93.5
2014,10,3,9,15.37,93.62
2014,10,3,10,15.36,93.75
2014,10,3,11,15.32,93.81
2014,10,3,12,15.26,93.88
2014,10,3,13,15.19,94.06
2014,10,3,14,15.16,94.38
2014,10,3,15,15.16,94.75
2014,10,3,16,15.22,95.0
2014,10,3,17,15.27,95.25
2014,10,3,18,15.35,95.31
2014,10,3,19,15.44,94.69
2014,10,3,20,15.55,93.56
2014,10,3,21,15.54,93.69
2014,10,3,22,15.53,93.69
2014,10,3,23,15.53,93.81
2014,10,4,0,15.5,94.25
2014,10,4,1,15.48,94.56
2014,10,4,2,15.54,94.06
2014,10,4,3,15.58,93.25
2014,10,4,4,15.55,93.0
2014,10,4,5,15.47,92.94
2014,10,4,6,15.45,93.06
2014,10,4,7,15.52,93.12
2014,10,4,8,15.66,92.94
2014,10,4,9,15.79,91.94
2014,10,4,10,15.9,90.44
2014,10,4,11,15.87,90.0
2014,10,4,12,15.77,90.12
2014,10,4,13,15.6,90.69
2014,10,4,14,15.3,92.0
2014,10,4,15,14.83,93.25
2014,10,4,16,14.12,94.25
2014,10,4,17,13.35,94.44
2014,10,4,18,12.58,93.0
2014,10,4,19,11.88,90.75
2014,10,4,20,11.48,89.06
2014,10,4,21,11.62,87.12
2014,10,4,22,11.89,84.88
2014,10,4,23,12.04,83.19
2014,10,5,0,12.16,81.31
2014,10,5,1,12.34,79.38
2014,10,5,2,12.53,77.31
2014,10,5,3,12.69,75.5
2014,10,5,4,12.76,74.44
2014,10,5,5,12.77,73.56
2014,10,5,6,12.75,72.25
2014,10,5,7,12.69,70.56
2014,10,5,8,12.67,69.25
2014,10,5,9,12.77,68.69
2014,10,5,10,12.9,68.69
2014,10,5,11,12.99,68.75
2014,10,5,12,13.04,68.75
2014,10,5,13,13.07,68.75
2014,10,5,14,13.08,68.69
2014,10,5,15,13.09,68.5
2014,10,5,16,13.13,68.56
2014,10,5,17,13.18,69.31
2014,10,5,18,13.22,70.62
2014,10,5,19,13.23,71.88
2014,10,5,20,13.23,73.0
2014,10,5,21,13.19,74.19
2014,10,5,22,13.07,75.62
2014,10,5,23,12.96,77.5
2014,10,6,0,12.9,79.62
2014,10,6,1,12.94,81.38
2014,10,6,2,13.04,82.69
2014,10,6,3,13.14,84.19
2014,10,6,4,13.36,85.44
2014,10,6,5,13.71,85.5
2014,10,6,6,14.09,86.12
2014,10,6,7,14.4,87.81
2014,10,6,8,14.55,89.75
2014,10,6,9,14.73,89.56
2014,10,6,10,14.81,88.38
2014,10,6,11,14.75,87.31
2014,10,6,12,14.63,87.31
2014,10,6,13,14.52,87.5
2014,10,6,14,14.43,88.44
2014,10,6,15,14.36,89.62
2014,10,6,16,14.31,90.69
2014,10,6,17,14.28,90.31
2014,10,6,18,14.14,89.38
2014,10,6,19,13.92,89.06
2014,10,6,20,13.72,89.38
2014,10,6,21,13.69,90.12
2014,10,6,22,13.83,90.31
2014,10,6,23,13.94,90.56
2014,10,7,0,14.05,90.75
2014,10,7,1,14.13,90.19
2014,10,7,2,14.19,88.88
2014,10,7,3,14.15,87.56
2014,10,7,4,14.09,87.38
2014,10,7,5,14.1,89.5
2014,10,7,6,14.13,89.62
2014,10,7,7,14.02,90.12
2014,10,7,8,13.77,91.06
2014,10,7,9,13.65,88.81
2014,10,7,10,13.62,82.19
2014,10,7,11,13.62,75.62
2014,10,7,12,13.61,74.06
2014,10,7,13,13.62,73.75
2014,10,7,14,13.54,73.75
2014,10,7,15,13.19,75.5
2014,10,7,16,12.58,78.62
2014,10,7,17,12.33,79.44
2014,10,7,18,12.37,78.5
2014,10,7,19,12.54,76.94
2014,10,7,20,12.8,74.94
2014,10,7,21,13.06,73.81
2014,10,7,22,13.02,75.69
2014,10,7,23,12.83,78.06
2014,10,8,0,12.87,78.19
2014,10,8,1,13.05,77.06
2014,10,8,2,13.19,75.62
2014,10,8,3,13.22,74.94
2014,10,8,4,13.19,75.19
2014,10,8,5,13.23,75.88
2014,10,8,6,13.33,76.56
2014,10,8,7,13.51,76.62
2014,10,8,8,13.7,75.88
2014,10,8,9,13.91,74.06
2014,10,8,10,14.12,72.19
2014,10,8,11,14.3,71.69
2014,10,8,12,14.35,73.75
2014,10,8,13,14.19,78.56
2014,10,8,14,13.83,83.56
2014,10,8,15,13.6,87.25
2014,10,8,16,13.85,91.44
2014,10,8,17,14.37,93.12
2014,10,8,18,14.67,91.38
2014,10,8,19,14.7,89.75
2014,10,8,20,14.67,88.81
2014,10,8,21,14.55,87.19
2014,10,8,22,14.37,85.31
2014,10,8,23,14.2,83.19
2014,10,9,0,13.98,82.44
2014,10,9,1,13.85,82.12
2014,10,9,2,13.85,81.5
2014,10,9,3,13.9,80.44
2014,10,9,4,13.81,79.31
2014,10,9,5,13.7,80.12
2014,10,9,6,13.73,81.62
2014,10,9,7,13.83,81.94
2014,10,9,8,13.89,81.88
2014,10,9,9,14.02,81.56
2014,10,9,10,14.16,81.62
2014,10,9,11,14.27,81.62
2014,10,9,12,14.37,81.31
2014,10,9,13,14.5,81.31
2014,10,9,14,14.67,80.75
2014,10,9,15,14.82,79.06
2014,10,9,16,14.87,76.94
2014,10,9,17,14.72,77.62
2014,10,9,18,14.44,79.56
2014,10,9,19,14.23,80.88
2014,10,9,20,14.02,81.44
2014,10,9,21,13.87,81.44
2014,10,9,22,13.7,81.56
2014,10,9,23,13.53,82.25
2014,10,10,0,13.43,83.0
2014,10,10,1,13.35,84.12
2014,10,10,2,13.26,85.06
2014,10,10,3,13.17,85.94
2014,10,10,4,13.07,86.75
2014,10,10,5,12.98,87.19
2014,10,10,6,13.0,87.38
2014,10,10,7,13.13,87.25
2014,10,10,8,13.32,87.19
2014,10,10,9,13.5,86.56
2014,10,10,10,13.66,85.19
2014,10,10,11,13.77,83.31
2014,10,10,12,13.83,81.38
2014,10,10,13,13.86,79.81
2014,10,10,14,13.87,79.0
2014,10,10,15,13.85,79.44
2014,10,10,16,13.87,80.62
2014,10,10,17,13.97,81.62
2014,10,10,18,14.15,82.5
2014,10,10,19,14.32,83.56
2014,10,10,20,14.5,83.88
2014,10,10,21,14.6,84.06
2014,10,10,22,14.58,85.12
2014,10,10,23,14.52,86.06
2014,10,11,0,14.45,86.75
2014,10,11,1,14.39,87.38
2014,10,11,2,14.34,87.31
2014,10,11,3,14.26,87.81
2014,10,11,4,14.16,88.38
2014,10,11,5,14.1,88.69
2014,10,11,6,14.07,88.62
2014,10,11,7,14.04,88.5
2014,10,11,8,14.03,88.0
2014,10,11,9,14.05,87.38
2014,10,11,10,14.08,86.81
2014,10,11,11,14.11,86.5
2014,10,11,12,14.11,86.31
2014,10,11,13,14.1,86.56
2014,10,11,14,14.07,87.25
2014,10,11,15,14.02,87.81
2014,10,11,16,13.96,87.94
2014,10,11,17,13.83,85.44
2014,10,11,18,13.3,77.25
2014,10,11,19,12.37,80.12
2014,10,11,20,11.98,82.5
2014,10,11,21,12.14,81.62
2014,10,11,22,12.52,80.69
2014,10,11,23,12.85,80.19
2014,10,12,0,13.07,79.81
2014,10,12,1,13.19,79.75
2014,10,12,2,13.24,79.62
2014,10,12,3,13.29,79.81
2014,10,12,4,13.33,79.88
2014,10,12,5,13.37,79.75
2014,10,12,6,13.39,79.31
2014,10,12,7,13.4,79.0
2014,10,12,8,13.43,78.81
2014,10,12,9,13.46,79.06
2014,10,12,10,13.5,79.06
2014,10,12,11,13.49,78.94
2014,10,12,12,13.46,78.88
2014,10,12,13,13.44,78.62
2014,10,12,14,13.43,78.06
2014,10,12,15,13.41,77.19
2014,10,12,16,13.4,76.5
2014,10,12,17,13.37,76.12
2014,10,12,18,13.34,75.94
2014,10,12,19,13.35,75.5
2014,10,12,20,13.39,75.12
2014,10,12,21,13.44,74.38
2014,10,12,22,13.44,74.25
2014,10,12,23,13.44,74.31
2014,10,13,0,13.44,74.38
2014,10,13,1,13.43,75.38
2014,10,13,2,13.42,76.88
2014,10,13,3,13.44,78.12
2014,10,13,4,13.47,79.0
2014,10,13,5,13.51,79.69
2014,10,13,6,13.57,80.5
2014,10,13,7,13.56,82.06
2014,10,13,8,13.47,83.75
2014,10,13,9,13.44,84.19
2014,10,13,10,13.42,84.0
2014,10,13,11,13.41,83.69
2014,10,13,12,13.4,84.0
2014,10,13,13,13.4,84.0
2014,10,13,14,13.42,83.75
2014,10,13,15,13.41,84.0
2014,10,13,16,13.42,83.81
2014,10,13,17,13.43,83.25
2014,10,13,18,13.4,83.75
2014,10,13,19,13.34,83.75
2014,10,13,20,13.26,83.75
2014,10,13,21,13.26,83.75
2014,10,13,22,13.27,83.81
2014,10,13,23,13.3,83.19
2014,10,14,0,13.32,82.88
2014,10,14,1,13.27,83.31
2014,10,14,2,13.24,84.0
2014,10,14,3,13.17,85.06
2014,10,14,4,13.09,85.94
2014,10,14,5,13.05,86.69
2014,10,14,6,13.01,87.56
2014,10,14,7,13.01,88.12
2014,10,14,8,13.05,88.5
2014,10,14,9,13.11,88.5
2014,10,14,10,13.14,88.5
2014,10,14,11,13.12,88.44
2014,10,14,12,13.08,88.31
2014,10,14,13,13.03,88.12
2014,10,14,14,12.96,87.88
2014,10,14,15,12.94,87.25
2014,10,14,16,12.96,86.25
2014,10,14,17,12.98,85.12
2014,10,14,18,12.91,84.31
2014,10,14,19,12.83,83.69
2014,10,14,20,12.77,82.81
2014,10,14,21,12.69,82.0
2014,10,14,22,12.58,81.44
2014,10,14,23,12.47,81.12
2014,10,15,0,12.37,81.19
2014,10,15,1,12.33,81.19
2014,10,15,2,12.31,81.06
2014,10,15,3,12.33,80.62
2014,10,15,4,12.35,80.06
2014,10,15,5,12.36,79.62
2014,10,15,6,12.33,79.06
2014,10,15,7,12.29,78.62
2014,10,15,8,12.21,78.31
2014,10,15,9,12.23,77.88
2014,10,15,10,12.23,77.75
2014,10,15,11,12.26,77.81
2014,10,15,12,12.25,78.25
2014,10,15,13,12.23,78.81
2014,10,15,14,12.19,79.31
2014,10,15,15,12.16,79.94
2014,10,15,16,12.15,80.94
2014,10,15,17,12.14,82.0
2014,10,15,18,12.19,82.31
2014,10,15,19,12.32,82.19
2014,10,15,20,12.36,81.69
2014,10,15,21,12.31,81.19
2014,10,15,22,12.4,80.69
2014,10,15,23,12.55,80.19
2014,10,16,0,12.74,80.19
2014,10,16,1,12.9,80.5
2014,10,16,2,13.04,80.88
2014,10,16,3,13.08,81.25
2014,10,16,4,13.05,81.81
2014,10,16,5,13.01,82.31
2014,10,16,6,12.99,82.62
2014,10,16,7,13.0,82.69
2014,10,16,8,13.03,82.5
2014,10,16,9,13.07,82.31
2014,10,16,10,13.12,82.06
2014,10,16,11,13.18,81.62
2014,10,16,12,13.26,81.19
2014,10,16,13,13.38,80.81
2014,10,16,14,13.5,80.5
2014,10,16,15,13.59,80.5
2014,10,16,16,13.62,81.19
2014,10,16,17,13.61,82.19
2014,10,16,18,13.5,83.88
2014,10,16,19,13.4,84.88
2014,10,16,20,13.38,84.75
2014,10,16,21,13.4,84.5
2014,10,16,22,13.43,84.94
2014,10,16,23,13.45,85.62
2014,10,17,0,13.45,86.5
2014,10,17,1,13.48,87.25
2014,10,17,2,13.5,88.19
2014,10,17,3,13.49,88.94
2014,10,17,4,13.44,89.56
2014,10,17,5,13.4,89.75
2014,10,17,6,13.37,89.69
2014,10,17,7,13.37,89.38
2014,10,17,8,13.41,89.12
2014,10,17,9,13.5,88.69
2014,10,17,10,13.62,88.5
2014,10,17,11,13.73,88.94
2014,10,17,12,13.83,89.88
2014,10,17,13,13.94,90.81
2014,10,17,14,14.01,91.94
2014,10,17,15,14.04,93.25
2014,10,17,16,14.0,94.69
2014,10,17,17,13.95,96.0
2014,10,17,18,13.93,96.88
2014,10,17,19,13.92,97.19
2014,10,17,20,13.94,97.31
2014,10,17,21,14.01,97.06
2014,10,17,22,14.11,96.75
2014,10,17,23,14.26,96.19
2014,10,18,0,14.39,96.0
2014,10,18,1,14.49,96.0
2014,10,18,2,14.64,94.81
2014,10,18,3,14.73,94.06
2014,10,18,4,14.73,94.06
2014,10,18,5,14.74,93.69
2014,10,18,6,14.95,91.88
2014,10,18,7,14.94,91.94
2014,10,18,8,14.9,92.44
2014,10,18,9,14.94,92.38
2014,10,18,10,14.97,92.62
2014,10,18,11,14.97,93.06
2014,10,18,12,14.99,93.12
2014,10,18,13,14.94,93.5
2014,10,18,14,14.85,94.38
2014,10,18,15,14.83,95.06
2014,10,18,16,14.85,95.44
2014,10,18,17,15.08,94.56
2014,10,18,18,15.07,94.5
2014,10,18,19,14.94,94.88
2014,10,18,20,14.91,94.81
2014,10,18,21,15.01,93.94
2014,10,18,22,15.1,92.69
2014,10,18,23,15.05,91.88
2014,10,19,0,14.94,91.44
2014,10,19,1,14.82,91.69
2014,10,19,2,14.73,92.25
2014,10,19,3,14.65,92.44
2014,10,19,4,14.58,92.12
2014,10,19,5,14.51,91.94
2014,10,19,6,14.49,91.88
2014,10,19,7,14.5,92.0
2014,10,19,8,14.52,92.25
2014,10,19,9,14.51,92.25
2014,10,19,10,14.46,91.75
2014,10,19,11,14.4,91.06
2014,10,19,12,14.38,90.38
2014,10,19,13,14.37,90.12
2014,10,19,14,14.44,89.19
2014,10,19,15,14.55,87.94
2014,10,19,16,14.58,87.5
2014,10,19,17,14.55,87.5
2014,10,19,18,14.49,87.69
2014,10,19,19,14.4,87.81
2014,10,19,20,14.26,88.0
2014,10,19,21,14.07,87.88
2014,10,19,22,13.86,87.12
2014,10,19,23,13.63,83.81
2014,10,20,0,13.37,81.88
2014,10,20,1,13.17,81.5
2014,10,20,2,13.05,81.38
2014,10,20,3,12.98,81.31
2014,10,20,4,12.92,80.56
2014,10,20,5,12.87,79.75
2014,10,20,6,12.83,79.69
2014,10,20,7,12.83,79.94
2014,10,20,8,12.81,80.38
2014,10,20,9,12.77,81.44
2014,10,20,10,12.72,83.31
2014,10,20,11,12.58,86.0
2014,10,20,12,12.48,87.5
2014,10,20,13,12.49,87.5
2014,10,20,14,12.55,87.19
2014,10,20,15,12.59,86.81
2014,10,20,16,12.62,86.31
2014,10,20,17,12.65,85.62
2014,10,20,18,12.72,84.75
2014,10,20,19,12.83,83.81
2014,10,20,20,12.97,82.62
2014,10,20,21,13.07,81.94
2014,10,20,22,13.14,81.81
2014,10,20,23,13.21,82.0
2014,10,21,0,13.26,82.62
2014,10,21,1,13.27,83.81
2014,10,21,2,13.26,85.5
2014,10,21,3,13.24,87.12
2014,10,21,4,13.22,88.12
2014,10,21,5,13.04,89.38
2014,10,21,6,12.9,89.75
2014,10,21,7,13.0,90.56
2014,10,21,8,13.22,91.38
2014,10,21,9,13.12,86.62
2014,10,21,10,12.15,79.0
2014,10,21,11,11.58,78.62
2014,10,21,12,11.39,79.44
2014,10,21,13,10.98,80.31
2014,10,21,14,10.83,81.19
2014,10,21,15,10.92,81.38
2014,10,21,16,10.79,81.69
2014,10,21,17,10.5,81.19
2014,10,21,18,10.4,77.31
2014,10,21,19,10.3,74.06
2014,10,21,20,10.3,72.12
2014,10,21,21,10.33,70.81
2014,10,21,22,10.48,68.69
2014,10,21,23,10.62,67.12
2014,10,22,0,10.76,66.38
2014,10,22,1,10.89,65.88
2014,10,22,2,11.0,66.31
2014,10,22,3,11.07,66.94
2014,10,22,4,11.15,67.44
2014,10,22,5,11.19,68.12
2014,10,22,6,11.19,68.94
2014,10,22,7,11.24,68.94
2014,10,22,8,11.32,69.0
2014,10,22,9,11.39,69.31
2014,10,22,10,11.42,69.94
2014,10,22,11,11.43,70.69
2014,10,22,12,11.37,71.94
2014,10,22,13,11.33,73.44
2014,10,22,14,11.32,74.88
2014,10,22,15,11.4,76.12
2014,10,22,16,11.59,77.12
2014,10,22,17,11.78,78.56
2014,10,22,18,11.94,80.75
2014,10,22,19,12.08,83.06
2014,10,22,20,12.23,85.25
2014,10,22,21,12.42,86.94
2014,10,22,22,12.55,87.88
2014,10,22,23,12.63,87.88
2014,10,23,0,12.58,87.88
2014,10,23,1,12.37,88.75
2014,10,23,2,12.19,89.69
2014,10,23,3,12.24,89.06
2014,10,23,4,12.45,88.38
2014,10,23,5,12.7,87.75
2014,10,23,6,12.85,88.0
2014,10,23,7,12.89,87.88
2014,10,23,8,12.86,87.06
2014,10,23,9,12.83,86.38
2014,10,23,10,12.83,86.06
2014,10,23,11,12.85,86.06
2014,10,23,12,12.87,86.5
2014,10,23,13,12.9,87.0
2014,10,23,14,12.95,88.06
2014,10,23,15,13.01,89.81
2014,10,23,16,13.05,91.62
2014,10,23,17,13.09,93.0
2014,10,23,18,13.18,93.31
2014,10,23,19,13.28,93.56
2014,10,23,20,13.4,93.81
2014,10,23,21,13.58,93.62
2014,10,23,22,13.62,94.0
2014,10,23,23,13.59,94.44
2014,10,24,0,13.59,94.5
2014,10,24,1,13.58,94.38
2014,10,24,2,13.46,95.06
2014,10,24,3,13.45,94.62
2014,10,24,4,13.42,94.44
2014,10,24,5,13.34,94.94
2014,10,24,6,13.29,95.38
2014,10,24,7,13.25,95.75
2014,10,24,8,13.25,95.69
2014,10,24,9,13.23,95.81
2014,10,24,10,13.2,95.88
2014,10,24,11,13.19,95.69
2014,10,24,12,13.17,95.5
2014,10,24,13,13.14,95.19
2014,10,24,14,13.13,94.69
2014,10,24,15,13.11,94.69
2014,10,24,16,13.08,95.0
2014,10,24,17,13.08,94.94
2014,10,24,18,13.07,94.19
2014,10,24,19,13.02,92.44
2014,10,24,20,12.92,88.06
2014,10,24,21,12.75,82.31
2014,10,24,22,12.57,79.69
2014,10,24,23,12.4,78.88
2014,10,25,0,12.24,79.38
2014,10,25,1,12.12,80.25
2014,10,25,2,12.11,80.88
2014,10,25,3,12.18,81.19
2014,10,25,4,12.28,81.44
2014,10,25,5,12.37,81.62
2014,10,25,6,12.43,81.75
2014,10,25,7,12.46,82.0
2014,10,25,8,12.48,82.25
2014,10,25,9,12.57,81.88
2014,10,25,10,12.67,81.25
2014,10,25,11,12.7,81.12
2014,10,25,12,12.69,81.0
2014,10,25,13,12.69,81.31
2014,10,25,14,12.69,82.31
2014,10,25,15,12.73,83.75
2014,10,25,16,12.8,85.25
2014,10,25,17,12.95,86.12
2014,10,25,18,13.11,86.38
2014,10,25,19,13.24,86.06
2014,10,25,20,13.3,86.06
2014,10,25,21,13.3,86.12
2014,10,25,22,13.23,86.06
2014,10,25,23,13.15,85.75
2014,10,26,0,13.08,85.31
2014,10,26,1,12.98,85.38
2014,10,26,2,12.91,85.12
2014,10,26,3,12.88,84.81
2014,10,26,4,12.89,85.12
2014,10,26,5,12.89,86.25
2014,10,26,6,12.89,87.38
2014,10,26,7,12.9,88.31
2014,10,26,8,12.9,89.0
2014,10,26,9,12.93,89.31
2014,10,26,10,12.95,89.25
2014,10,26,11,12.96,88.94
2014,10,26,12,12.94,88.62
2014,10,26,13,12.98,88.19
2014,10,26,14,13.05,87.69
2014,10,26,15,13.19,86.5
2014,10,26,16,13.4,84.5
2014,10,26,17,13.54,83.44
2014,10,26,18,13.55,83.25
2014,10,26,19,13.51,83.62
2014,10,26,20,13.48,84.5
2014,10,26,21,13.46,85.44
2014,10,26,22,13.43,86.19
2014,10,26,23,13.41,86.75
2014,10,27,0,13.43,87.5
2014,10,27,1,13.43,88.25
2014,10,27,2,13.41,88.81
2014,10,27,3,13.37,89.56
2014,10,27,4,13.36,90.19
2014,10,27,5,13.4,90.44
2014,10,27,6,13.45,90.62
2014,10,27,7,13.42,91.38
2014,10,27,8,13.47,91.69
2014,10,27,9,13.52,92.0
2014,10,27,10,13.5,92.75
2014,10,27,11,13.52,92.75
2014,10,27,12,13.53,92.69
2014,10,27,13,13.51,92.81
2014,10,27,14,13.55,92.62
2014,10,27,15,13.62,92.31
2014,10,27,16,13.76,91.62
2014,10,27,17,13.9,91.0
2014,10,27,18,13.94,91.0
2014,10,27,19,13.92,91.38
2014,10,27,20,13.85,92.06
2014,10,27,21,13.76,92.94
2014,10,27,22,13.69,93.38
2014,10,27,23,13.63,93.62
2014,10,28,0,13.56,93.88
2014,10,28,1,13.45,94.38
2014,10,28,2,13.37,94.75
2014,10,28,3,13.34,94.88
2014,10,28,4,13.37,94.56
2014,10,28,5,13.46,93.94
2014,10,28,6,13.59,93.25
2014,10,28,7,13.69,92.56
2014,10,28,8,13.73,92.06
2014,10,28,9,13.76,91.62
2014,10,28,10,13.8,91.19
2014,10,28,11,13.78,90.81
2014,10,28,12,13.74,90.69
2014,10,28,13,13.68,90.94
2014,10,28,14,13.64,91.5
2014,10,28,15,13.55,92.44
2014,10,28,16,13.46,93.38
2014,10,28,17,13.41,93.75
2014,10,28,18,13.38,93.75
2014,10,28,19,13.21,94.5
2014,10,28,20,12.82,95.44
2014,10,28,21,12.19,94.94
2014,10,28,22,11.39,93.06
2014,10,28,23,10.77,89.19
2014,10,29,0,10.81,85.88
2014,10,29,1,11.05,82.62
2014,10,29,2,11.16,78.75
2014,10,29,3,11.11,74.62
2014,10,29,4,11.01,71.94
2014,10,29,5,10.9,70.62
2014,10,29,6,10.82,70.25
2014,10,29,7,10.81,70.12
2014,10,29,8,10.83,70.0
2014,10,29,9,10.87,69.81
2014,10,29,10,10.87,69.75
2014,10,29,11,10.83,69.25
2014,10,29,12,10.78,68.19
2014,10,29,13,10.7,66.88
2014,10,29,14,10.65,65.44
2014,10,29,15,10.68,64.0
2014,10,29,16,10.7,61.62
2014,10,29,17,10.75,60.19
2014,10,29,18,10.82,59.5
2014,10,29,19,10.89,59.62
2014,10,29,20,10.97,60.69
2014,10,29,21,11.0,62.12
2014,10,29,22,10.98,63.69
2014,10,29,23,10.98,65.12
2014,10,30,0,11.01,66.88
2014,10,30,1,11.05,68.56
2014,10,30,2,11.14,70.06
2014,10,30,3,11.29,71.06
2014,10,30,4,11.48,71.69
2014,10,30,5,11.69,72.56
2014,10,30,6,11.92,73.81
2014,10,30,7,12.09,75.94
2014,10,30,8,12.18,79.19
2014,10,30,9,12.17,82.94
2014,10,30,10,12.12,86.25
2014,10,30,11,12.08,87.75
2014,10,30,12,12.08,88.38
2014,10,30,13,12.15,89.44
2014,10,30,14,12.3,91.38
2014,10,30,15,12.51,93.94
2014,10,30,16,12.75,96.06
2014,10,30,17,12.91,97.25
2014,10,30,18,13.0,97.56
2014,10,30,19,12.96,97.69
2014,10,30,20,12.94,97.44
2014,10,30,21,13.01,96.69
2014,10,30,22,13.12,95.62
2014,10,30,23,13.18,95.12
2014,10,31,0,13.22,94.94
2014,10,31,1,13.24,95.25
2014,10,31,2,13.2,96.12
2014,10,31,3,13.2,96.62
2014,10,31,4,13.21,96.69
2014,10,31,5,13.22,96.69
2014,10,31,6,13.21,96.88
2014,10,31,7,13.18,97.0
2014,10,31,8,13.18,96.94
2014,10,31,9,13.19,96.75
2014,10,31,10,13.19,96.75
2014,10,31,11,13.23,96.62
2014,10,31,12,13.26,96.62
2014,10,31,13,13.33,96.44
2014,10,31,14,13.4,96.19
2014,10,31,15,13.46,95.88
2014,10,31,16,13.55,95.25
2014,10,31,17,13.62,94.81
2014,10,31,18,13.72,94.38
2014,10,31,19,13.8,93.69
2014,10,31,20,13.94,92.38
2014,10,31,21,14.08,90.56
2014,10,31,22,14.15,89.31
2014,10,31,23,14.13,89.25
2014,11,1,0,14.07,89.94
2014,11,1,1,14.02,90.75
2014,11,1,2,13.99,91.44
2014,11,1,3,13.95,92.06
2014,11,1,4,13.93,92.62
2014,11,1,5,13.9,93.19
2014,11,1,6,13.83,93.69
2014,11,1,7,13.74,94.31
2014,11,1,8,13.58,95.0
2014,11,1,9,13.4,95.69
2014,11,1,10,13.28,95.88
2014,11,1,11,13.19,95.56
2014,11,1,12,13.13,95.0
2014,11,1,13,13.07,94.25
2014,11,1,14,13.03,93.38
2014,11,1,15,12.98,93.06
2014,11,1,16,12.93,93.31
2014,11,1,17,12.93,93.5
2014,11,1,18,12.96,93.25
2014,11,1,19,13.03,92.56
2014,11,1,20,13.15,90.56
2014,11,1,21,13.37,85.81
2014,11,1,22,13.43,83.81
2014,11,1,23,13.39,83.31
2014,11,2,0,13.31,81.44
2014,11,2,1,13.23,81.56
2014,11,2,2,13.31,82.69
2014,11,2,3,13.42,83.62
2014,11,2,4,13.4,85.25
2014,11,2,5,13.33,87.06
2014,11,2,6,13.27,88.88
2014,11,2,7,13.34,89.44
2014,11,2,8,13.26,91.12
2014,11,2,9,13.23,92.31
2014,11,2,10,13.33,92.12
2014,11,2,11,13.36,91.75
2014,11,2,12,13.23,92.25
2014,11,2,13,13.05,92.88
2014,11,2,14,12.87,92.81
2014,11,2,15,12.69,89.56
2014,11,2,16,12.36,84.25
2014,11,2,17,12.25,82.38
2014,11,2,18,12.24,82.88
2014,11,2,19,12.26,83.31
2014,11,2,20,12.27,83.19
2014,11,2,21,12.28,83.06
2014,11,2,22,12.29,83.19
2014,11,2,23,12.26,83.31
2014,11,3,0,12.08,84.38
2014,11,3,1,11.96,85.81
2014,11,3,2,11.9,84.0
2014,11,3,3,11.76,81.25
2014,11,3,4,11.62,79.88
2014,11,3,5,11.52,79.38
2014,11,3,6,11.45,78.94
2014,11,3,7,11.51,78.38
2014,11,3,8,11.62,78.19
2014,11,3,9,11.56,80.31
2014,11,3,10,11.49,83.94
2014,11,3,11,11.71,83.44
2014,11,3,12,11.52,80.06
2014,11,3,13,11.1,78.19
2014,11,3,14,10.88,77.81
2014,11,3,15,10.82,76.75
2014,11,3,16,10.78,75.5
2014,11,3,17,10.76,74.25
2014,11,3,18,10.73,72.94
2014,11,3,19,10.7,71.94
2014,11,3,20,10.65,71.38
2014,11,3,21,10.62,71.56
2014,11,3,22,10.52,71.94
2014,11,3,23,10.36,72.25
2014,11,4,0,10.2,72.06
2014,11,4,1,10.05,72.06
2014,11,4,2,9.95,72.12
2014,11,4,3,9.92,72.5
2014,11,4,4,10.0,72.88
2014,11,4,5,10.09,73.19
2014,11,4,6,10.18,73.31
2014,11,4,7,10.3,73.31
2014,11,4,8,10.45,73.12
2014,11,4,9,10.63,72.81
2014,11,4,10,10.79,72.81
2014,11,4,11,10.9,73.19
2014,11,4,12,11.01,73.94
2014,11,4,13,11.1,74.81
2014,11,4,14,11.15,75.06
2014,11,4,15,11.15,75.06
2014,11,4,16,11.13,74.88
2014,11,4,17,11.11,74.5
2014,11,4,18,11.04,74.56
2014,11,4,19,11.0,74.81
2014,11,4,20,10.97,74.5
2014,11,4,21,11.03,73.88
2014,11,4,22,11.15,73.12
2014,11,4,23,11.25,72.62
2014,11,5,0,11.31,72.31
2014,11,5,1,11.36,72.25
2014,11,5,2,11.37,72.44
2014,11,5,3,11.3,73.0
2014,11,5,4,11.13,74.0
2014,11,5,5,10.97,74.88
2014,11,5,6,10.8,75.88
2014,11,5,7,10.62,76.88
2014,11,5,8,10.45,78.0
2014,11,5,9,10.38,78.12
2014,11,5,10,10.44,77.62
2014,11,5,11,10.52,77.56
2014,11,5,12,10.61,77.44
2014,11,5,13,10.73,77.38
2014,11,5,14,10.86,77.44
2014,11,5,15,10.96,77.62
2014,11,5,16,11.02,77.88
2014,11,5,17,11.09,77.88
2014,11,5,18,11.19,77.44
2014,11,5,19,11.3,77.25
2014,11,5,20,11.37,77.12
2014,11,5,21,11.36,77.5
2014,11,5,22,11.35,78.19
2014,11,5,23,11.38,78.88
2014,11,6,0,11.42,79.38
2014,11,6,1,11.43,80.0
2014,11,6,2,11.4,80.62
2014,11,6,3,11.3,81.31
2014,11,6,4,11.23,81.38
2014,11,6,5,11.2,81.5
2014,11,6,6,11.23,81.44
2014,11,6,7,11.32,81.25
2014,11,6,8,11.44,81.12
2014,11,6,9,11.53,80.81
2014,11,6,10,11.58,80.12
2014,11,6,11,11.6,78.94
2014,11,6,12,11.56,78.5
2014,11,6,13,11.49,78.5
2014,11,6,14,11.4,78.94
2014,11,6,15,11.29,79.81
2014,11,6,16,11.22,80.44
2014,11,6,17,11.19,80.38
2014,11,6,18,11.26,79.19
2014,11,6,19,11.37,77.81
2014,11,6,20,11.44,77.12
2014,11,6,21,11.49,76.88
2014,11,6,22,11.58,76.88
2014,11,6,23,11.66,76.94
2014,11,7,0,11.81,77.19
2014,11,7,1,12.03,77.25
2014,11,7,2,12.1,76.81
2014,11,7,3,11.99,76.56
2014,11,7,4,11.83,77.06
2014,11,7,5,11.58,78.5
2014,11,7,6,11.25,80.88
2014,11,7,7,11.03,83.19
2014,11,7,8,11.04,84.38
2014,11,7,9,11.15,84.88
2014,11,7,10,11.22,85.44
2014,11,7,11,11.19,86.75
2014,11,7,12,11.15,89.0
2014,11,7,13,11.32,90.06
2014,11,7,14,11.69,89.88
2014,11,7,15,12.08,89.0
2014,11,7,16,12.38,86.94
2014,11,7,17,12.45,83.12
2014,11,7,18,11.97,80.06
2014,11,7,19,11.17,81.56
2014,11,7,20,10.9,83.62
2014,11,7,21,10.81,84.06
2014,11,7,22,10.55,83.06
2014,11,7,23,10.5,82.69
2014,11,8,0,10.81,83.12
2014,11,8,1,10.98,83.81
2014,11,8,2,11.05,84.31
2014,11,8,3,11.14,84.44
2014,11,8,4,11.2,84.62
2014,11,8,5,11.15,85.38
2014,11,8,6,11.08,85.62
2014,11,8,7,11.11,84.88
2014,11,8,8,11.16,83.62
2014,11,8,9,11.23,82.31
2014,11,8,10,11.27,81.19
2014,11,8,11,11.31,80.31
2014,11,8,12,11.38,79.94
2014,11,8,13,11.56,80.44
2014,11,8,14,11.82,82.06
2014,11,8,15,12.03,84.38
2014,11,8,16,12.12,86.31
2014,11,8,17,12.26,86.12
2014,11,8,18,12.37,85.31
2014,11,8,19,12.44,85.62
2014,11,8,20,12.6,85.56
2014,11,8,21,12.66,85.5
2014,11,8,22,12.58,86.5
2014,11,8,23,12.52,87.69
2014,11,9,0,12.51,88.69
2014,11,9,1,12.44,89.06
2014,11,9,2,12.25,89.88
2014,11,9,3,12.05,89.88
2014,11,9,4,11.87,89.5
2014,11,9,5,11.72,88.69
2014,11,9,6,11.62,88.0
2014,11,9,7,11.54,87.75
2014,11,9,8,11.49,87.81
2014,11,9,9,11.48,88.62
2014,11,9,10,11.54,88.56
2014,11,9,11,11.65,88.19
2014,11,9,12,11.64,88.56
2014,11,9,13,11.53,89.62
2014,11,9,14,11.43,90.5
2014,11,9,15,11.45,90.69
2014,11,9,16,11.54,90.69
2014,11,9,17,11.57,91.06
2014,11,9,18,11.47,91.19
2014,11,9,19,11.22,90.31
2014,11,9,20,10.97,88.31
2014,11,9,21,10.86,86.25
2014,11,9,22,10.84,84.56
2014,11,9,23,10.89,83.06
2014,11,10,0,10.96,81.56
2014,11,10,1,11.0,80.31
2014,11,10,2,11.03,79.5
2014,11,10,3,11.07,79.06
2014,11,10,4,11.11,78.62
2014,11,10,5,11.15,78.19
2014,11,10,6,11.23,77.69
2014,11,10,7,11.32,77.19
2014,11,10,8,11.42,76.69
2014,11,10,9,11.56,76.56
2014,11,10,10,11.69,76.88
2014,11,10,11,11.68,78.62
2014,11,10,12,11.43,81.75
2014,11,10,13,10.89,85.5
2014,11,10,14,10.62,86.06
2014,11,10,15,10.73,84.06
2014,11,10,16,10.94,82.31
2014,11,10,17,11.02,82.0
2014,11,10,18,10.95,82.62
2014,11,10,19,10.76,84.06
2014,11,10,20,10.63,85.19
2014,11,10,21,10.67,85.31
2014,11,10,22,10.87,85.0
2014,11,10,23,11.19,84.69
2014,11,11,0,11.53,85.31
2014,11,11,1,11.69,87.12
2014,11,11,2,11.76,88.44
2014,11,11,3,11.79,89.12
2014,11,11,4,11.83,88.88
2014,11,11,5,11.9,87.88
2014,11,11,6,11.98,86.94
2014,11,11,7,12.05,86.69
2014,11,11,8,12.01,87.0
2014,11,11,9,11.91,87.31
2014,11,11,10,11.82,86.81
2014,11,11,11,11.75,86.12
2014,11,11,12,11.7,85.94
2014,11,11,13,11.65,85.38
2014,11,11,14,11.62,85.0
2014,11,11,15,11.63,85.38
2014,11,11,16,11.72,86.5
2014,11,11,17,11.78,88.31
2014,11,11,18,11.84,89.19
2014,11,11,19,11.93,89.12
2014,11,11,20,12.08,89.12
2014,11,11,21,12.17,90.19
2014,11,11,22,12.19,91.31
2014,11,11,23,12.17,92.19
2014,11,12,0,12.15,92.44
2014,11,12,1,12.13,92.38
2014,11,12,2,12.15,91.94
2014,11,12,3,12.18,91.38
2014,11,12,4,12.19,90.94
2014,11,12,5,12.16,90.25
2014,11,12,6,12.11,89.81
2014,11,12,7,12.11,89.69
2014,11,12,8,12.1,89.69
2014,11,12,9,12.04,90.31
2014,11,12,10,11.97,91.31
2014,11,12,11,11.96,91.75
2014,11,12,12,11.98,92.06
2014,11,12,13,11.94,93.31
2014,11,12,14,11.96,93.81
2014,11,12,15,11.98,93.75
2014,11,12,16,12.02,93.38
2014,11,12,17,12.1,92.75
2014,11,12,18,12.15,92.31
2014,11,12,19,12.2,91.38
2014,11,12,20,12.24,89.81
2014,11,12,21,12.19,89.06
2014,11,12,22,12.13,88.94
2014,11,12,23,12.06,88.81
2014,11,13,0,12.0,88.88
2014,11,13,1,11.95,89.0
2014,11,13,2,11.93,89.06
2014,11,13,3,11.93,88.81
2014,11,13,4,11.95,88.31
2014,11,13,5,12.0,87.69
2014,11,13,6,12.05,87.19
2014,11,13,7,12.11,86.75
2014,11,13,8,12.17,86.31
2014,11,13,9,12.26,85.56
2014,11,13,10,12.36,84.62
2014,11,13,11,12.4,84.12
2014,11,13,12,12.4,84.06
2014,11,13,13,12.38,83.62
2014,11,13,14,12.36,82.75
2014,11,13,15,12.32,81.56
2014,11,13,16,12.29,80.94
2014,11,13,17,12.28,79.81
2014,11,13,18,12.28,79.12
2014,11,13,19,12.25,79.25
2014,11,13,20,12.22,80.56
2014,11,13,21,12.18,82.12
2014,11,13,22,12.15,83.75
2014,11,13,23,12.11,85.44
